id,name,employee_number,department
1,Gratia Kynder,36-2605357,Services
2,Milli Frankel,55-0611466,Sales
3,Corine Clee,23-9121416,Business Development
4,Free Crabb,18-1205386,Legal
5,Shelagh Knok,93-8928921,Business Development
6,Samaria Sturdey,87-2927053,Sales
7,Karla Rawdales,10-4604389,Training
8,Reamonn Stiegar,93-1902280,Legal
9,Angie Edwick,27-0753531,Accounting
10,Nicole Connah,83-7126100,Business Development
11,Sigfried Neale,10-6551796,Support
12,Stephannie Sutherland,78-1286393,Training
13,Montgomery Obern,21-8933390,Training
14,Rori Murrison,93-4981272,Accounting
15,Travers Rowaszkiewicz,67-2196941,Accounting
16,Heall Chillcot,21-7033552,Sales
17,Daryl Follin,33-3888298,Business Development
18,Charissa Durante,87-9767838,Legal
19,Selinda Ferrige,97-8902822,Services
20,Melly Hlavac,39-4853656,Human Resources
21,Jolynn McGall,05-5384678,Sales
22,Rodge Jurkiewicz,05-8970442,Marketing
23,Rollins Watmore,05-8377383,Sales
24,Rustie Wasmuth,22-9797183,Human Resources
25,Hillyer O'Bradain,26-8681273,Support
26,Miltie Vanyashin,91-0956181,Services
27,Shurlock Tight,24-0330792,Legal
28,Lolly Hissie,77-8197703,Sales
29,Fredericka Ferrieres,02-8777283,Accounting
30,Baillie MacManus,43-7111629,Legal
31,Mata Frane,52-1847066,Product Management
32,Barty Simonsson,23-9709384,Engineering
33,Hersh Dana,91-6279156,Accounting
34,Crichton Tarbard,72-5778513,Training
35,Fulvia Winchurst,26-9397484,Human Resources
36,Garvy McLorinan,75-8137727,Support
37,Margarethe Mander,38-5555160,Research and Development
38,Reid Newiss,47-8584214,Human Resources
39,Pepita Menloe,79-1979936,Human Resources
40,Lydon Seiter,62-6302469,Business Development
41,Patty MacTimpany,00-8040254,Research and Development
42,Rosemonde Uden,00-3535534,Business Development
43,Codi Philps,61-3269372,Services
44,Hobey Walshaw,06-2954949,Training
45,Quentin Snowdon,67-4547152,Support
46,Drusi Reddell,48-2839137,Accounting
47,Simone Faltin,12-9574358,Support
48,Viola Rangell,32-8732916,Marketing
49,Melvin Trayling,52-0621028,Sales
50,Byron Netherwood,41-2546809,Accounting
51,Bo Kuhle,73-9136673,Human Resources
52,Nicolina Wann,65-3963924,Marketing
53,Aloysius Rosiello,79-2041360,Services
54,Joseito Corgenvin,66-4347021,Training
55,Marchall Esmonde,41-3092977,Training
56,Katusha Di Bartolomeo,11-8420607,Services
57,Bartholomeo Ponde,69-3260194,Sales
58,Marylinda Slessar,30-4788005,Sales
59,Flo Condict,89-9505819,Human Resources
60,Dacie Neesham,51-3389914,Support
61,Chilton Hartridge,33-2094708,Legal
62,Putnem McCanny,81-2325257,Product Management
63,Trix Haswall,33-3620466,Human Resources
64,Missie Beazey,94-2099842,Legal
65,Yovonnda Helliker,66-8948382,Business Development
66,Herbie Mattisssen,76-0741407,Support
67,Sly Spadotto,02-3327816,Training
68,Barney Northcote,03-7226153,Sales
69,Harli Brisley,78-1671682,Research and Development
70,Willdon Winchcomb,22-6695343,Legal
71,Thaddus Linneman,33-6983878,Support
72,Amity Kolakovic,98-1663959,Support
73,Rebeca Napolione,89-7056121,Services
74,Agnes Boulder,90-1783642,Sales
75,Perri McEnhill,58-8476914,Human Resources
76,Pennie Arrow,86-9568835,Accounting
77,Sybyl Eaken,53-8836318,Marketing
78,Orella Cocksedge,73-4860224,Legal
79,Danni Flicker,82-1594367,Engineering
80,Andrea Pirdy,58-1250463,Product Management
81,Stanley Doale,76-4473056,Research and Development
82,Melina Mariner,24-6553264,Sales
83,Frasco Marchent,15-2578417,Sales
84,Lewiss Diehn,17-7646122,Business Development
85,Rosabella Zmitruk,12-5934432,Marketing
86,Antonetta Lilleycrop,04-1574713,Research and Development
87,Leontyne Davidge,29-7969427,Human Resources
88,Stu Conachy,90-5305533,Legal
89,Gregorio Stiddard,84-5540340,Legal
90,Marcelo Schubart,25-7648608,Support
91,Baryram Tremoille,34-2602991,Business Development
92,Neile Najafian,17-7039410,Support
93,Damiano Bennion,96-1950897,Engineering
94,Oona Teffrey,94-2385374,Services
95,Kiley Hilary,83-6913662,Human Resources
96,Didi Barbe,18-3639425,Accounting
97,Fredelia Robison,48-3606593,Marketing
98,Artemas Cordero,44-0096550,Support
99,Eleonora McMurray,64-0290348,Accounting
100,Haven Di Ruggiero,85-6628283,Training
101,Noel Brotheridge,33-1710929,Services
102,Drake Perago,47-9636464,Business Development
103,Stefanie Boxer,44-9545762,Training
104,Lonnie McCroary,01-2017542,Human Resources
105,Dan Bouts,65-9012599,Research and Development
106,August Guice,78-1770793,Business Development
107,Ethelbert Raymond,61-6495039,Human Resources
108,Lea Penrith,70-6743051,Services
109,Fairleigh Pennuzzi,36-2375590,Support
110,Cornelia Abethell,85-4757841,Sales
111,Anson Hulson,96-1157696,Accounting
112,Gayelord Hookes,55-9783423,Training
113,Thacher Abbys,56-5582407,Sales
114,Quinlan Paver,65-4201731,Product Management
115,Tremain Bruckent,10-1599507,Legal
116,Dodie Tollmache,09-2150304,Product Management
117,Lyssa Ebi,75-3938170,Human Resources
118,Britney Bagwell,62-0380556,Accounting
119,Sandro Crowhurst,59-9053815,Services
120,Lukas Roseburgh,94-3232805,Sales
121,Nanci Clarke-Williams,01-7703776,Product Management
122,Giacinta Wandrey,61-6890905,Sales
123,Vivian Matresse,52-6301109,Engineering
124,Fran Cohani,65-6064829,Sales
125,Anselma Fawltey,70-7926642,Legal
126,Nicolas Sidden,15-8906338,Legal
127,Angelita Hatchman,69-4835811,Engineering
128,Andres Bascombe,21-1589286,Marketing
129,Sigismund O'Fogerty,63-5825556,Research and Development
130,Gearalt Mabbe,24-0990448,Legal
131,Starla Boriston,34-7415064,Product Management
132,Matilde Keepin,11-4311032,Business Development
133,Peria Kill,00-9101012,Marketing
134,Wood Caldera,94-4178353,Human Resources
135,Manolo Mathe,20-3403834,Services
136,Cybil De Paepe,94-6186763,Business Development
137,Lon Borit,75-2615513,Engineering
138,Samuel Ciccottio,14-4467608,Legal
139,Aristotle Sturror,50-7871905,Services
140,Sabine Fruin,93-9660922,Research and Development
141,Malinda Fouch,50-0184136,Legal
142,Mareah Madrell,48-9522110,Marketing
143,Calv Fewings,29-4212394,Product Management
144,Kalindi Bugge,87-6763801,Accounting
145,Belle Ciciura,71-4843098,Marketing
146,Gaylene Searl,23-1871783,Product Management
147,Theobald Leuty,23-0921111,Human Resources
148,Ky Davidman,79-8312188,Human Resources
149,Lilith Linger,83-4080542,Training
150,Codee Murt,63-1552106,Business Development
151,Ric Antoniat,61-3403752,Sales
152,Morten Jantzen,95-0470969,Sales
153,Jamal Spenton,56-4755339,Training
154,Hasty Amery,95-6244221,Research and Development
155,Corie Lynas,79-7046677,Human Resources
156,Yurik Mandre,30-2999076,Product Management
157,Nappy Keningley,31-9463352,Support
158,Breanne Girogetti,40-9411338,Services
159,Michal Filippello,90-4520753,Support
160,Jerrine Denniston,41-1823361,Research and Development
161,Janice Edinburgh,86-1445085,Marketing
162,Conny Winterborne,40-4304759,Engineering
163,Hamlen Moff,40-3253217,Product Management
164,Orran Biddle,83-2973538,Services
165,Justinn Parnby,71-4949974,Sales
166,Lilyan Leak,28-8942572,Marketing
167,Joli McDyer,94-4224918,Training
168,Jimmie Pragnall,21-8070153,Marketing
169,Darwin Beddoes,31-0731701,Business Development
170,Glenda Burgoine,75-8314160,Accounting
171,Weidar Leyton,31-2976367,Engineering
172,Audra Twentyman,78-6995596,Human Resources
173,Jayme Greenrod,44-1107618,Support
174,Viva Jahnel,87-6456750,Product Management
175,Marthena Drayson,39-3491904,Legal
176,Arvy Schutte,62-2827816,Product Management
177,Gerrie Wurst,49-0376187,Accounting
178,Pierre Gerrell,60-1007264,Accounting
179,Allister Linley,13-2953948,Research and Development
180,Elna Kale,51-9223197,Engineering
181,Bendick Doige,57-8547649,Training
182,Dody Borland,89-9905393,Services
183,Redd Loan,98-1633924,Legal
184,Wadsworth Benech,31-8095853,Support
185,Mei Peregrine,65-4223078,Business Development
186,Cindi Meo,71-3762832,Business Development
187,Myrtie Wandrich,98-4926487,Engineering
188,Pamella Paggitt,63-9089061,Legal
189,Pancho Horsfield,70-6589957,Training
190,Ethelda Postans,25-9424818,Product Management
191,Lucretia Vina,28-4105871,Research and Development
192,Loella Dober,31-6235370,Legal
193,Hunter Pepperd,09-4094508,Business Development
194,Sheridan Lauret,99-2939312,Marketing
195,Lorrin Freire,24-6792231,Services
196,Lew Cometto,56-8620588,Accounting
197,Gauthier MacBain,19-1687869,Support
198,Trudi Whitworth,38-0514897,Accounting
199,Yoshi Avrahamov,48-1726465,Legal
200,Jimmie Trenaman,22-9783488,Legal
201,Corry Vidyapin,47-8084659,Marketing
202,Rufus Tarply,39-5484916,Support
203,Micheil Clendening,60-0349554,Marketing
204,Grannie Glasner,67-9216789,Marketing
205,Teresa Demkowicz,43-7423243,Marketing
206,Xavier Gudge,81-4189655,Engineering
207,Laughton Gaylard,08-7836916,Marketing
208,Camilla Toe,18-9745050,Human Resources
209,Seana Vasyukov,60-4052501,Marketing
210,Clemmie Burge,08-3699618,Engineering
211,Mordecai Rotham,85-5896498,Sales
212,Hart Klimkovich,78-9958285,Marketing
213,Garik Tune,35-1577569,Accounting
214,Justino Matteau,71-3014990,Accounting
215,Delaney Kernell,89-7176553,Accounting
216,Christine Dunkersley,30-2433988,Accounting
217,Nicky Shackle,39-4750326,Business Development
218,Sharon Orbon,68-0102796,Human Resources
219,Aurelea Ditzel,07-1142616,Research and Development
220,Perceval Cowell,37-4440871,Marketing
221,Olly Pittock,70-8364899,Engineering
222,Kevyn Arnfield,68-5610891,Sales
223,Ida Load,49-7969223,Marketing
224,Inez Geekin,62-8223034,Marketing
225,Lenore Pell,32-4157795,Engineering
226,Job Flintoft,58-1843767,Support
227,Cindee Gartan,75-7087492,Research and Development
228,Hakim Wreford,32-0162398,Accounting
229,Normand Gislebert,81-6172641,Training
230,Chloris Worlidge,10-6915587,Legal
231,Martguerita Gullick,45-3576599,Product Management
232,Roseanne McCulley,51-9085947,Legal
233,Gilbertina Perle,14-1878832,Human Resources
234,Silvana Warrillow,78-3865318,Training
235,Desdemona Sex,74-4095733,Product Management
236,Harald Wardhough,71-0926174,Accounting
237,Elke Lambol,12-0522386,Human Resources
238,Saidee Shinfield,32-0416445,Services
239,Konstantine Broome,12-4509314,Accounting
240,Garfield Druitt,55-5030212,Training
241,Chloe Gremain,09-8802159,Sales
242,Isabel Ixor,95-8934780,Sales
243,Frederigo Insley,12-9782146,Training
244,Sig Llewellen,30-0376353,Business Development
245,Andras Galer,09-9066637,Legal
246,Johnnie Bryson,41-6751780,Training
247,Silvanus Brunone,34-8218705,Training
248,Elena Shuttlewood,93-0546401,Sales
249,Imelda Stears,77-4377359,Accounting
250,Rachelle Mellings,48-6971315,Marketing
251,El Griniov,16-3799148,Accounting
252,Melinde Syres,29-4927578,Marketing
253,Van Worts,35-7262904,Marketing
254,Ronalda Obin,65-1028292,Training
255,Angelika Gaspar,38-5990645,Sales
256,Baxie Collimore,67-2398999,Engineering
257,Desdemona Dabs,43-6246530,Business Development
258,Benny Dallin,80-1056871,Services
259,Malachi Magauran,13-4607868,Training
260,Herb Metcalfe,04-8648683,Engineering
261,Laughton Grishunin,99-4886232,Services
262,Leia Cocks,40-5517586,Business Development
263,Lon Barbara,10-8433871,Support
264,Tedman Steers,07-7494751,Human Resources
265,Hort O' Byrne,18-5347327,Accounting
266,Tilda Varlow,52-6420194,Engineering
267,Randall Rew,05-0911159,Human Resources
268,Iseabal Grigoletti,34-7861109,Human Resources
269,Darline Denford,70-9682906,Services
270,Koressa Dike,04-4310663,Engineering
271,Karney Denley,86-1840070,Legal
272,Delmor Swindin,75-7830297,Product Management
273,Rochester Struther,61-9219139,Product Management
274,Josefina Phidgin,88-2144069,Sales
275,Bernarr Thulborn,54-1538286,Training
276,Abram Thake,15-5726139,Services
277,Katina Gwyneth,08-0395043,Product Management
278,Helen-elizabeth Omand,55-7498407,Marketing
279,Neddy Champneys,48-2712660,Research and Development
280,Allis Wiltsher,67-6040758,Human Resources
281,Carmela Derr,06-9565225,Services
282,Kimberlyn Stansall,16-4366602,Training
283,Marshall Fairhurst,94-6420800,Product Management
284,Lincoln Fillis,62-7640348,Training
285,Geno Billing,97-2625070,Business Development
286,Priscella Munks,36-6567363,Business Development
287,Barney Phelipeaux,46-4404197,Services
288,Mike Finlason,37-4490221,Product Management
289,Dorice Sainsbury-Brown,74-2344486,Sales
290,Archer Niess,91-8085481,Human Resources
291,Patty Moller,43-8198032,Business Development
292,Merry Guilfoyle,26-1030865,Research and Development
293,Eydie Pash,58-2281661,Engineering
294,Sheena Fenimore,55-2803913,Business Development
295,Blake Beckhouse,87-1514308,Marketing
296,Ignazio Stode,41-5706321,Legal
297,Ruthanne Devitt,43-1838802,Sales
298,Haskel Padilla,35-4809111,Business Development
299,Hubie Skells,84-5946113,Human Resources
300,Heloise Sidery,12-1623749,Research and Development
301,Junina Korf,52-9809728,Human Resources
302,Garfield Greasley,09-8278585,Accounting
303,Justino Knowlden,03-4907444,Services
304,Iorgo Cockling,74-6102576,Accounting
305,Roxanna Loos,36-4535490,Research and Development
306,Roxine Alden,29-5384763,Marketing
307,Octavius Hastelow,73-5655619,Legal
308,Aimil Yusupov,41-3232633,Engineering
309,Kerry Sawney,25-5769294,Services
310,Vania Marquez,33-6299490,Marketing
311,Virgil Wackett,30-8629124,Business Development
312,Winona Calderonello,95-7778862,Research and Development
313,Mateo Hammatt,79-0518318,Sales
314,Hadria Espina,95-1451494,Sales
315,Dacey Ronnay,46-0203132,Product Management
316,Lynn Bertlin,36-7470229,Training
317,Bobbie Byer,90-9856605,Services
318,Pedro Marsden,30-3203175,Support
319,Charin Cathcart,96-1589009,Product Management
320,Camilla Klemenz,24-6466286,Sales
321,Dierdre Du Plantier,04-4007103,Business Development
322,Jacobo Grave,18-7272949,Engineering
323,Roseann Gilroy,23-3735932,Services
324,Myranda MacAlinden,16-7334674,Legal
325,Ravid Vedyasov,36-9905113,Marketing
326,Katya Pevie,91-3987461,Training
327,Lydie Parkin,90-7229017,Support
328,Ruby Eidelman,25-0300793,Training
329,Kermit Laughren,64-5607038,Human Resources
330,Glenden Galton,01-8602415,Training
331,Karola Scurlock,52-3476289,Marketing
332,Nertie Ebdin,37-3324005,Legal
333,Nonnah Morot,74-7721522,Services
334,Emerson Lowin,57-9080417,Legal
335,Catlaina Clemenza,64-0197531,Engineering
336,Bert Fawloe,97-8077946,Services
337,Parke Cogar,77-4069224,Legal
338,Towney Bolens,49-1876631,Services
339,Ebenezer Ruddick,71-9168948,Research and Development
340,Caralie Gayton,69-5927038,Sales
341,Beau Oakton,61-7997085,Legal
342,Lurleen Aspinwall,58-7143578,Research and Development
343,Dick Veillard,36-6954339,Support
344,Gerry Philippsohn,25-4368191,Engineering
345,Pincas Santora,54-1712387,Business Development
346,Pavla Inns,42-9364804,Marketing
347,Debra Coddrington,96-0745363,Research and Development
348,Damian Jurick,40-9260451,Business Development
349,Mischa Cumming,20-9794640,Engineering
350,Vic Lawland,84-0269561,Accounting
351,Eolanda Syalvester,22-7930585,Services
352,Loralyn Horsell,84-7269682,Legal
353,Gwenore Gheorghescu,55-9929005,Marketing
354,Joela Dredge,31-6616532,Engineering
355,Rustin Blucher,51-8501442,Engineering
356,Curran Gaule,75-3418807,Accounting
357,Valera Sheridan,05-3648809,Business Development
358,Lindie Coom,49-2268638,Accounting
359,August Creeghan,13-3854990,Legal
360,Archer Brower,87-0239037,Sales
361,Elvin Castanie,83-1058645,Support
362,Benito Karoly,47-6869549,Engineering
363,Angelica Ferretti,41-3455534,Legal
364,Charmion Wenban,23-3262856,Sales
365,Berke Sante,35-8634240,Training
366,Corine Kenforth,86-4508037,Accounting
367,Juliane Gianulli,85-9957833,Support
368,Ianthe Tiffney,04-8803009,Sales
369,Catlee Blore,31-4912441,Accounting
370,Hazlett Tomadoni,23-1460054,Accounting
371,Dacey Sparkwill,89-2399400,Support
372,Flo Benge,38-3241413,Human Resources
373,Isaac MacRory,49-1975744,Legal
374,Quentin Conlaund,77-7106647,Product Management
375,Michel Cristol,34-6647669,Engineering
376,Nikki Teather,30-7900205,Support
377,Jeannine Walkowski,80-0841077,Training
378,Sofia Gooderick,08-6847514,Legal
379,Lenka MacCrachen,96-6693203,Marketing
380,Maegan Gann,13-4416533,Services
381,Greta Gutman,25-4320109,Marketing
382,Coralyn Gronno,90-7741578,Research and Development
383,Page Champniss,99-8485456,Engineering
384,Farlie Renak,04-2995835,Legal
385,Brinna Vannini,81-0686628,Engineering
386,Amalie Cruddace,66-9991026,Product Management
387,Audy Figurski,05-4125429,Training
388,Haleigh Borer,14-1844270,Support
389,Stillman Doyle,24-6834250,Accounting
390,Liana Culleton,79-0372858,Product Management
391,Crista Ost,96-5239359,Engineering
392,Norbie Gillbey,55-4633991,Business Development
393,Hollis Derr,50-4137594,Engineering
394,Huntington Cree,51-2490109,Research and Development
395,Mady Sarsons,83-0814195,Product Management
396,Britte Biasi,85-6457240,Legal
397,Gerianne Bestman,58-0183092,Services
398,Artemas Shanley,02-3788777,Human Resources
399,Robbie Alleyn,41-8125410,Marketing
400,Omar Mabson,36-4853795,Support
401,Natty Stoffers,97-6599383,Support
402,Madlen Grumell,60-9716652,Human Resources
403,Robby McGinnis,47-6872332,Marketing
404,Iorgos Larenson,43-5345022,Product Management
405,Aloysia Dowles,77-7769418,Engineering
406,Cristy Jerwood,05-4942345,Legal
407,Bonni Elby,17-0262670,Marketing
408,Westleigh Siehard,08-6709705,Accounting
409,Jaquelin Rieger,09-1263612,Business Development
410,Terrell Mulligan,51-0577843,Business Development
411,Jeniece Greenhouse,71-0778204,Legal
412,Phillida Ziehms,28-3062827,Product Management
413,Leonelle Kid,07-2150389,Services
414,Timi Lordon,90-6388020,Support
415,Sancho Assante,74-2050360,Legal
416,Rossie Seymark,47-5432848,Engineering
417,Silvia Cawthron,03-7752629,Training
418,Godard Skeates,87-8355021,Support
419,Cheston Ambrosoni,10-3238890,Human Resources
420,Karlie Parlot,38-7300134,Engineering
421,Allie Style,38-4766230,Business Development
422,Herold Tromans,04-0761408,Support
423,Morey Carberry,04-4239379,Engineering
424,Derrik Delacour,58-0815845,Engineering
425,Shelly Warman,11-4355469,Legal
426,Ameline Bartolini,16-0671344,Business Development
427,Jackquelin Laskey,81-7992003,Training
428,Cly Pastor,42-3941163,Product Management
429,Joey Feron,92-8422565,Services
430,Whitney Connor,69-1143557,Sales
431,Galvan Dudgeon,16-3636432,Support
432,Marwin Burnell,86-8016723,Product Management
433,Willi Paudin,85-9875004,Marketing
434,Cecil Dallewater,67-8748368,Product Management
435,Michelle Tyrwhitt,70-0177414,Accounting
436,Filmer Gryglewski,53-3073917,Marketing
437,Maia Courtenay,67-3504938,Research and Development
438,Osbourne Durie,87-7063463,Human Resources
439,Earvin Benyan,49-7732591,Engineering
440,Sawyere Abate,83-4346377,Business Development
441,Agnes Merit,64-2837529,Research and Development
442,Theadora Abbys,17-9017926,Human Resources
443,Brooks Gegg,20-4811005,Legal
444,Hyatt Waldren,82-7898160,Marketing
445,Hunfredo Barnham,17-8403063,Support
446,Mignon Meddings,38-7423026,Research and Development
447,Yalonda Ovise,84-6888184,Engineering
448,Devondra Gault,31-8619070,Engineering
449,Hilario Menendez,98-1922639,Human Resources
450,Bendix Winwood,46-1140648,Training
451,Darcy Sellman,68-3425194,Support
452,Dacy Frantzen,94-1065519,Training
453,Ange McLaggan,93-2227341,Research and Development
454,Barbara-anne Maffey,05-7720894,Engineering
455,Grace Aumerle,16-8552574,Research and Development
456,Raddie Coldham,29-3603524,Product Management
457,Bucky Marlon,47-1376863,Sales
458,Stacie Suthworth,48-6483319,Support
459,Tate Ikin,59-3478083,Training
460,Davida Sallenger,93-8590192,Engineering
461,Frederich Gott,32-0002185,Human Resources
462,Moore MacInnes,69-5076404,Support
463,Hesther Hurworth,70-0240155,Training
464,Pancho Stiffkins,79-9004709,Engineering
465,Ole Skerritt,87-2393999,Legal
466,Dina Diche,82-3516453,Training
467,Brok Beadnell,69-4480360,Product Management
468,Patrice Witterick,66-2463117,Product Management
469,Casie Holde,92-4141296,Marketing
470,Nathanial Patek,55-7544020,Business Development
471,Hubey Baughen,98-6014475,Legal
472,Margy Hinks,33-9558508,Accounting
473,Darnall MacSorley,25-2080409,Legal
474,Sonya Delamar,83-8575847,Training
475,Chester Zipsell,75-6872486,Human Resources
476,Willa Blythin,14-8554477,Business Development
477,Dionis Slisby,80-4061618,Product Management
478,Jan Victor,80-0671993,Business Development
479,Tasha Revett,75-7704419,Services
480,Bel Jedrych,03-7498726,Support
481,Frazier Jarmain,25-6009381,Accounting
482,Leeland Carroll,06-2130472,Sales
483,Martainn O'Mohun,99-9280017,Accounting
484,Shani Yannoni,76-7680152,Support
485,Milton Mundwell,02-8987215,Accounting
486,Gustie Cescotti,19-7754984,Support
487,Rustin Thurby,60-1447477,Support
488,Andy Vakhonin,69-6761338,Accounting
489,Thelma Karlolczak,39-5875161,Product Management
490,Melessa Siddens,81-6195384,Product Management
491,Julina Egarr,69-5460543,Marketing
492,Juieta Struss,83-8542495,Product Management
493,Catlin Molineaux,62-5008345,Accounting
494,Hope Tout,74-2290930,Support
495,Shelley Curzey,22-5384269,Product Management
496,Yelena Burgane,42-0563848,Accounting
497,Trish Dismore,36-1348277,Training
498,Codi Conniam,83-3201404,Legal
499,Ofelia Hoonahan,87-3451801,Human Resources
500,Lodovico Marcos,66-8193841,Sales
501,Lissie Twede,49-2264323,Human Resources
502,Parry Motten,88-6935196,Business Development
503,Charmine Oxer,21-6170378,Business Development
504,Clarance Ellgood,18-5652195,Engineering
505,Mikey Wreath,77-7567982,Product Management
506,Brose Hallan,81-3415674,Legal
507,Dari Gaynes,05-3851034,Support
508,Alysa Eustanch,78-8797239,Product Management
509,Raviv Adolfsen,53-5556610,Business Development
510,Mahmud Penhaleurack,27-0256231,Services
511,Dalenna Benallack,88-4270514,Sales
512,Ambrosi Hopkyns,04-2972771,Sales
513,Lindie McVaugh,64-0627836,Support
514,Wendy Foster,99-8286950,Research and Development
515,Maris Kroon,55-4954981,Human Resources
516,Tish Mathevon,94-7770467,Legal
517,Farly Jurzyk,37-0432444,Sales
518,Kerianne Rymmer,37-8416108,Sales
519,Henryetta Whetland,33-7578309,Sales
520,Melesa Costard,90-9033389,Product Management
521,Christopher Domsalla,50-9285900,Legal
522,Verina Endean,81-0253763,Support
523,Car Braithwaite,93-8022073,Research and Development
524,Rouvin Gregoletti,63-7700449,Product Management
525,Abbey Worg,25-0945176,Accounting
526,Axel Rojel,61-0588780,Business Development
527,Court Havenhand,94-9826296,Training
528,Roosevelt Micheli,16-7890724,Engineering
529,Lauralee Attril,59-2538376,Business Development
530,Waylan Lansly,09-9617341,Support
531,Chadd Munnery,84-2416370,Research and Development
532,Katie Chrishop,08-1793986,Engineering
533,Riannon Kneeland,51-5463705,Training
534,Rikki Jennens,63-2069396,Business Development
535,Rois Hargate,57-5103059,Support
536,Irma Harlin,58-3546341,Training
537,Julee Ossipenko,33-4116475,Services
538,Morris Suggitt,06-7788802,Accounting
539,Thaxter Skillanders,47-6520045,Support
540,Mikey Gonsalvez,94-1747106,Business Development
541,Evaleen Carlucci,22-6436045,Services
542,Shel Westfield,70-9030394,Business Development
543,Raymond Varfolomeev,19-9126406,Accounting
544,Dyna Pellew,05-6462025,Engineering
545,Westbrook Gioan,34-5136219,Human Resources
546,Hilde Biffin,51-9102493,Support
547,Nananne Spring,30-3729606,Research and Development
548,Bordy Vigietti,54-2559742,Accounting
549,Kayle Glassborow,52-0772074,Product Management
550,Flint Baythrop,24-5564277,Sales
551,Kleon Goudie,67-7579985,Sales
552,Jenda Darlasson,72-2370557,Training
553,Mahmud MacDirmid,83-4196499,Training
554,Jeanne Sawdy,04-4061648,Business Development
555,Izzy Bowgen,56-0429197,Support
556,Claudina Menere,24-0197904,Support
557,Barnabe Ellif,16-7230691,Accounting
558,Jamima Mayler,95-6124891,Sales
559,Harmonia Goodered,86-4963898,Business Development
560,Christalle McCullouch,58-1703222,Services
561,Sheree Marquand,28-8022614,Services
562,Juan Birtle,38-0517844,Accounting
563,Lindsey Brabender,12-4036109,Engineering
564,Pall Pleavin,51-8349524,Sales
565,Brose Burnup,37-1782896,Services
566,Johan Mulchrone,85-3003801,Human Resources
567,Karoly Holtham,06-5495778,Legal
568,Bink Ramelet,19-6925254,Engineering
569,Courtnay Mughal,60-3780053,Engineering
570,Bobinette Loraine,35-6345540,Services
571,Brooks Aseef,15-9356722,Support
572,Clarie Lewsie,80-3509597,Human Resources
573,Clarance Yurshev,55-2379373,Product Management
574,Jonis Alywen,77-3106617,Business Development
575,Adrianna aManger,57-7805728,Support
576,Adrienne Fooks,15-8369172,Legal
577,Haze Varah,75-5196381,Legal
578,Steffane Poller,88-1111633,Services
579,Tades Capon,24-7246956,Support
580,Ansel Skule,36-1722549,Research and Development
581,Jerry Farryann,90-1232601,Human Resources
582,Maximilian Copsey,84-7223396,Training
583,Valerie Maciak,68-3492383,Product Management
584,Tades Pilmoor,26-5547273,Accounting
585,Margi Zammett,13-1200460,Services
586,Bethina McConachie,96-8665933,Business Development
587,Colas Hambrick,21-9293960,Engineering
588,Nathaniel Merricks,51-0158406,Engineering
589,Jakob Crossland,00-8992642,Accounting
590,Antonina Rickhuss,92-6461888,Support
591,Stepha McGiffie,05-7227231,Research and Development
592,Aimee Salvadori,42-7546804,Marketing
593,Matias Cuniam,90-2654959,Engineering
594,Chastity Thurling,26-5682500,Product Management
595,Vittoria McCutheon,37-0129773,Sales
596,Selig Plues,05-0345501,Marketing
597,Michel Townes,32-1119306,Services
598,Keefer Adolfsen,91-1735655,Marketing
599,Earle Coughan,48-8809012,Accounting
600,Gypsy Lunney,93-1262163,Product Management
601,Emery Mundy,95-1213115,Sales
602,Evelina Southcott,23-1673120,Legal
603,Denny Rubinow,17-9590074,Business Development
604,Ardelia Breadon,82-7899496,Engineering
605,Vanya Loggie,58-5737229,Accounting
606,Woody Finlow,94-6292286,Services
607,Alexandro Scothorn,99-7529652,Services
608,Ambur Zanolli,06-8668340,Research and Development
609,Kerk Stoffersen,23-7919601,Business Development
610,Griffy Ginnety,22-3990030,Engineering
611,Karmen Hymers,92-7931246,Sales
612,Randie Dracey,38-9758562,Training
613,Scot Starr,53-3388984,Support
614,Webb Golly,42-3285158,Marketing
615,Valdemar Biesty,16-4518692,Sales
616,Garold Chaffen,60-0362117,Human Resources
617,Norri Annott,17-2946329,Business Development
618,Lissi Castelin,90-3207508,Product Management
619,Marcelle Donaway,39-8298072,Sales
620,Dionis Zamora,16-7693141,Accounting
621,Avery Mignot,65-8285729,Business Development
622,Rhett McGlone,58-8569456,Support
623,Winthrop Collen,49-3817703,Business Development
624,Grete Pleaden,43-1057158,Engineering
625,Cosmo Spurrior,86-4276084,Human Resources
626,Ashil Crean,66-5077993,Human Resources
627,Reeta Markovic,88-4721196,Support
628,Goober McSorley,35-7749880,Accounting
629,Dewain Morena,91-0014655,Sales
630,Gretta Pittel,86-9861694,Human Resources
631,Griswold Blaxter,08-1796405,Accounting
632,Gwendolin Duddridge,21-9941674,Support
633,Sandy Tschiersch,65-2618157,Human Resources
634,Avigdor Ballister,98-1298290,Research and Development
635,Vivian Dibbin,93-5538484,Services
636,Bryna Delong,65-5257172,Accounting
637,Karolina Lazar,98-3503945,Support
638,Jourdan Van,57-2293945,Research and Development
639,Harlene Varnals,59-0398006,Services
640,Dacie Tabourel,24-7895447,Product Management
641,Worth Davern,08-4520546,Product Management
642,Winnifred Hidderley,60-7923228,Support
643,Anna-diane Linford,53-3371338,Accounting
644,Alford Gilley,25-7855907,Accounting
645,Edmund O'Cahill,68-4237707,Engineering
646,Jaymee Origin,17-7973218,Engineering
647,Maximilian Clardge,44-5122031,Human Resources
648,Abrahan Dockreay,77-3063914,Accounting
649,Juli Suggate,46-4216004,Engineering
650,Peterus Bowser,08-4208802,Business Development
651,Mariette Pordall,73-9844069,Sales
652,Nanice Bohling,53-2376455,Services
653,Steffie Aickin,67-1026402,Services
654,Margarette Andrini,76-9938929,Support
655,Constance Muat,41-1194442,Sales
656,Regan Leversuch,52-7249555,Business Development
657,Kathye L'Amie,55-6628874,Legal
658,Elita Antonik,83-1832699,Human Resources
659,Lamont Copland,56-2912445,Human Resources
660,Ty Bellworthy,05-7446504,Marketing
661,Misha Camilleri,73-6082859,Business Development
662,Stanford Huyge,29-9924195,Accounting
663,Marilee Dobel,80-5736884,Legal
664,Arny Letteresse,44-6901424,Legal
665,Gearard Matuschek,83-9026574,Engineering
666,Lanae Trevor,22-5115387,Product Management
667,Taryn Folker,66-3950752,Support
668,Salome Kellough,37-2614057,Engineering
669,Micki Andriveau,92-3913534,Legal
670,Thorn Caldes,08-8452954,Engineering
671,Gray Mathison,55-7832896,Services
672,Jonell Grinsted,44-9501839,Business Development
673,Maurise Romanski,24-3755819,Marketing
674,Norrie Gogan,86-6909795,Services
675,Marie-ann MacNeice,88-2581856,Research and Development
676,Carling Got,66-1851234,Human Resources
677,Pearline Gibbens,81-1971484,Training
678,Wolfgang Curror,43-0711422,Support
679,Cathlene McCane,74-2576748,Business Development
680,Nissie Woollends,06-4204355,Product Management
681,Ofelia Davidek,40-8253834,Research and Development
682,Godard Crombleholme,32-2034267,Legal
683,Yard Nichol,80-9394837,Training
684,Fields Kingaby,87-0192978,Legal
685,Dalis Cast,57-9540550,Training
686,Chelsey Pitney,82-8583695,Product Management
687,Reeva Winwright,50-5857911,Research and Development
688,Prinz Davidowsky,81-4378556,Legal
689,Elene Brass,52-0973447,Engineering
690,Morie Quainton,11-0574708,Sales
691,Elmira Cobelli,40-6183310,Research and Development
692,Brenden Peaseman,09-4813572,Sales
693,Maure Glassup,09-6435974,Legal
694,Omar Jeffray,96-0529274,Support
695,Myca Rettie,18-5422275,Product Management
696,Barnebas Folkerts,44-9658706,Product Management
697,Margarete Giscken,48-6270662,Engineering
698,Randa Picknett,01-2358871,Accounting
699,Yetta Davenhall,52-7706201,Marketing
700,Suzanna Parzis,95-4827073,Marketing
701,Sylvia Camber,38-9209047,Sales
702,Amandy Olivera,34-2316477,Support
703,Ania Wilflinger,96-2639868,Research and Development
704,Selinda Tremeer,85-1562025,Support
705,Vincenty Broggelli,25-0129258,Legal
706,Shaughn Plunket,65-5118904,Research and Development
707,Ashlen Drescher,51-3320707,Engineering
708,Theodosia O'Kenny,57-2197677,Human Resources
709,Tanner Forgie,53-5422971,Support
710,Cash Canas,20-4999372,Human Resources
711,Giraud Planke,14-4994537,Legal
712,Cecil Ruddy,09-4025369,Marketing
713,Marijn Roots,75-1382090,Legal
714,Monro Allabarton,20-3498786,Legal
715,Inna Ramm,34-9036862,Human Resources
716,Germaine Klimpt,91-6242233,Sales
717,Rollins Taggett,30-4515522,Marketing
718,Hestia Bartak,79-2265061,Support
719,Davey Dayes,10-1503065,Human Resources
720,Onfroi Marians,17-6040168,Training
721,Ingmar Sloam,87-6363058,Support
722,Xylia Scrowton,69-1393699,Marketing
723,Giacomo Hazlegrove,45-9611625,Services
724,Gasper Selly,77-6116524,Sales
725,Bernie Betho,56-3765218,Support
726,Isaiah Emer,77-1250034,Research and Development
727,Vivianne Chatell,79-8906183,Sales
728,Giffy Giddins,51-5812736,Legal
729,Layney Paumier,68-3284860,Accounting
730,Zondra Langan,83-2631925,Sales
731,Delora Clubbe,60-3480466,Sales
732,Fletch Mosedale,17-7693350,Accounting
733,Francyne Stelfax,13-3886978,Research and Development
734,Mirna Richard,36-6755681,Services
735,Alaine Durdy,18-8302391,Legal
736,Ilyssa Flaunier,82-9411620,Accounting
737,Valentia Kinneally,76-2867611,Services
738,Ashli Mourton,18-5946243,Legal
739,Ileana Pedrozzi,81-7419337,Legal
740,Jefferson Frondt,62-8549167,Sales
741,Gusta Sketcher,05-4342622,Sales
742,Jobi Wheowall,86-0181889,Sales
743,Roxy Bucky,64-9837550,Marketing
744,Aeriell Djurisic,46-7517072,Training
745,Lionel Filtness,49-0967596,Engineering
746,Inger Liversage,79-3412703,Legal
747,Jarret Cearley,50-7671427,Engineering
748,Obidiah Barkas,45-5159037,Services
749,Monte Teager,04-9881404,Human Resources
750,Amalee Conachy,31-2959045,Support
751,Osbourne Brand-Hardy,40-6991278,Support
752,Celesta Punyer,63-9515592,Marketing
753,Amelie Dayes,90-1017357,Human Resources
754,Lindy Edgson,16-3565425,Human Resources
755,Galvin Daveran,96-3864402,Legal
756,Ema Orgill,09-9910743,Accounting
757,Kingsley Ambrozewicz,19-3365488,Research and Development
758,Kylie Bradfield,61-9210596,Business Development
759,Adiana Portwain,62-6158432,Services
760,Ashia Dearnaley,93-7608961,Product Management
761,Sheff Baxstar,41-5057681,Support
762,Dulci Hagerty,37-5557229,Accounting
763,Charmion Daly,55-0399688,Support
764,Chlo Carefull,60-1114174,Business Development
765,Garnette Eales,74-1257025,Marketing
766,Neile Flaxman,24-4561549,Sales
767,Jolene Sooley,14-7820613,Engineering
768,Kimball Bredbury,45-9897130,Training
769,Ebony Gisbye,99-3438953,Legal
770,Nicolea Copson,81-1683621,Marketing
771,Ginnifer Chiese,24-3472791,Support
772,Devland Bendixen,63-7200563,Accounting
773,Aube Tuting,23-6559283,Marketing
774,Corbett Olander,15-6154110,Sales
775,Dorisa Metson,92-2691539,Human Resources
776,Cris Craster,80-2134658,Business Development
777,Regen Twentyman,35-2353293,Sales
778,Collie Gotmann,95-9088224,Human Resources
779,Orran Gonnard,83-8712046,Legal
780,Cassie Crumley,99-6520768,Human Resources
781,Katharina Kilmaster,82-8347169,Research and Development
782,Yvon Slatter,00-5495968,Research and Development
783,Ashla Synnot,19-9606962,Services
784,Adlai Horley,34-8465627,Sales
785,Worden Trevallion,61-1846462,Training
786,Merrielle Trays,06-1420982,Accounting
787,Leila Bickerstaff,20-8910706,Business Development
788,Jeno Robathon,64-6209499,Engineering
789,Rufus Asmus,72-1577606,Research and Development
790,Brynn Jezard,30-7673416,Sales
791,Kimbra Edy,29-3841638,Accounting
792,Westbrooke Orans,35-1326601,Human Resources
793,Virginia Champken,49-7925739,Services
794,Thaine Shoobridge,90-0674850,Sales
795,Clari Staddart,92-3053812,Training
796,Willow Filippov,52-9893745,Human Resources
797,Dolph Brands,74-5467143,Product Management
798,Marne Cluitt,56-8790909,Engineering
799,Sianna Scholey,98-3667539,Support
800,Jaye Matten,96-8722245,Research and Development
801,Bartel Meeny,35-0911833,Engineering
802,Gael Epsley,46-7865974,Human Resources
803,Husain Skeffington,49-9971040,Legal
804,Harald Gives,64-2134308,Support
805,Jolie Stanislaw,08-7388177,Marketing
806,Drud Massenhove,95-0424078,Business Development
807,Philip Dimeloe,72-1974657,Product Management
808,Ailee Bass,39-0816279,Services
809,Sampson Sayes,25-1564967,Accounting
810,Kitti Birts,56-2648522,Training
811,Annadiana Dransfield,93-6362131,Marketing
812,Kiley Tackle,25-2840004,Legal
813,Adan Denson,47-6107878,Marketing
814,Nyssa Airy,01-8303908,Human Resources
815,Jemima Rulton,89-0982478,Research and Development
816,Nollie Guisot,51-0419194,Research and Development
817,Dalenna Airs,06-1876826,Business Development
818,Elaine Seston,54-4128132,Engineering
819,Izabel Embury,08-5492000,Support
820,Zuzana Colam,87-4268820,Marketing
821,Shantee Renvoys,48-7200431,Research and Development
822,Pansy Nugent,40-8797712,Human Resources
823,Mathilda Boon,44-4457130,Business Development
824,Randa Critchell,10-8124546,Support
825,Sherri Shave,48-2516963,Research and Development
826,Tiler Stave,65-0269259,Business Development
827,Natalie Ravilus,37-4088516,Marketing
828,Hillyer Parnby,59-1808928,Legal
829,Yves Gilbank,76-7036299,Accounting
830,Red Castillon,64-4033301,Services
831,Mela Wiersma,04-8955104,Business Development
832,Pammie Londors,22-9997176,Support
833,Ashil Hummerston,02-9863345,Product Management
834,Amalia McConaghy,92-3845802,Business Development
835,Obie O'Finan,07-0157043,Support
836,Glory Galego,83-8063683,Support
837,Juan Bettington,25-8744561,Business Development
838,Raynard Server,84-1952878,Marketing
839,Fair Ellerington,75-1739080,Sales
840,Tonnie Martinovsky,59-9907383,Services
841,Gerianne Bedin,65-0135802,Legal
842,Catherin Sharphurst,29-6656538,Services
843,Bentley Warn,18-8272659,Services
844,Gregorius Kobelt,87-9406998,Engineering
845,Leroy Britto,22-7280014,Accounting
846,Waylin O'Noulane,10-8780454,Services
847,Gloriana Letford,77-4992212,Accounting
848,Keefer Grahlman,38-1323558,Product Management
849,Salvidor Eates,84-3142601,Engineering
850,Grannie Swainston,39-1398230,Business Development
851,Wayne Bruin,11-2950898,Legal
852,Desirae Sargison,23-7541637,Training
853,Odell Scafe,41-6570974,Services
854,Melosa Laffin,15-5630054,Business Development
855,Isa Tie,53-7320009,Human Resources
856,Brear Corradeschi,57-2921768,Human Resources
857,Hube Barnfield,63-7285757,Product Management
858,Tito Degoix,07-5177574,Business Development
859,Prissie Tasch,65-3658809,Support
860,Nicolis Aronsohn,77-2751084,Legal
861,Broddy Terbeek,36-9561677,Engineering
862,Gal Avarne,88-4123871,Business Development
863,Netti Leggitt,36-6182122,Human Resources
864,Whitman Munro,63-6375172,Engineering
865,Alex Broy,58-3333443,Services
866,Athena Milstead,03-9504986,Support
867,Jorrie Schukraft,54-9657032,Human Resources
868,Chanda Costar,52-5895142,Accounting
869,Shanon Hryncewicz,27-6656463,Support
870,Evelyn Sawyer,73-9750491,Services
871,Guntar Piletic,45-7447030,Support
872,Dominic Liversedge,10-6703384,Services
873,Ernest De la Yglesia,41-0229028,Support
874,Mortie Frye,02-4742948,Services
875,Mady Towsie,81-6313247,Support
876,Collete Lebond,43-8974687,Human Resources
877,Mable Mettrick,77-5499352,Sales
878,Tricia Potapczuk,63-6979619,Business Development
879,Jarib Mergue,36-7663827,Product Management
880,Pernell Vasilik,97-1753716,Sales
881,Neddie Mussington,64-2515176,Legal
882,Neddie Robbs,83-0473860,Legal
883,Wain Jaffra,18-9787513,Accounting
884,Seka Tunna,70-0321873,Business Development
885,Anderea Phillis,96-4770588,Research and Development
886,Correna Shay,45-9713862,Accounting
887,Isidro Newdick,21-5064005,Sales
888,Cullie Woodison,88-4609552,Business Development
889,Michaelina Jeacop,41-9651429,Business Development
890,Brigida Ledley,85-6521235,Support
891,Rodie Jorden,45-5081013,Product Management
892,Tadeas Franke,43-2694323,Marketing
893,Perri Stoller,50-7605011,Legal
894,Hayden Brounsell,14-8992440,Accounting
895,Moira Shelsher,94-1074690,Accounting
896,Milo Gownge,06-2592466,Accounting
897,Dalila Glanister,68-2135243,Human Resources
898,Myer Rollingson,20-3024210,Support
899,Davey Lucey,35-1235976,Research and Development
900,Merridie Benninger,06-5241009,Services
901,Domeniga Langhorne,48-5692440,Engineering
902,Cacilia Kuhnhardt,66-3770515,Business Development
903,Dion Nezey,33-2025685,Sales
904,Spenser Howett,42-8279553,Marketing
905,Rosella Morrad,71-4837382,Business Development
906,Fitz Morales,67-1226207,Engineering
907,Mil Carmen,18-3519905,Marketing
908,Pancho Pickless,69-6534489,Product Management
909,Oswald Burden,92-5870809,Sales
910,Edie Orleton,18-4054443,Support
911,Ada Kupper,79-8991631,Accounting
912,Leighton Guidetti,71-6222042,Legal
913,Bethina Cawse,02-2234836,Research and Development
914,Salomon Manoelli,67-7165821,Human Resources
915,Renato Rudgard,98-2917740,Marketing
916,Emanuele Leirmonth,47-4556448,Engineering
917,Farleigh Matson,88-7690994,Legal
918,Steffi Caghy,23-9654403,Accounting
919,Lambert Relfe,79-2980133,Support
920,Catherine Kupke,57-3271571,Research and Development
921,Elianora Jesper,14-1868762,Human Resources
922,Mendie Naden,27-9640965,Engineering
923,Brice Brandone,15-7767453,Marketing
924,Fan Sinnock,59-1859790,Research and Development
925,Kacey Swafford,67-1342909,Business Development
926,Codie Rouby,90-9860337,Engineering
927,Jordan Raistrick,12-6867730,Accounting
928,Zak Noods,19-1557062,Training
929,Wendel Hambidge,24-6555139,Product Management
930,Allina Cameron,54-2340729,Marketing
931,Lulita Bloxsum,89-2939887,Training
932,Hazel Markie,26-2524546,Human Resources
933,Luella Winterflood,76-4532326,Engineering
934,Riki Ceney,72-6420936,Product Management
935,Natale Caddick,57-1763984,Sales
936,Eugine Hargrove,25-8125561,Engineering
937,Tess Allebone,55-7030133,Services
938,Donelle Collinwood,84-2791443,Services
939,Melesa Attwooll,45-3220225,Marketing
940,Imogene Clemencet,39-1991801,Marketing
941,Aguie Anniwell,34-7553408,Product Management
942,Loraine Vaney,91-7564330,Services
943,Cristi Stockoe,65-1129754,Human Resources
944,Lara Killimister,41-0242634,Human Resources
945,Mellisent Ferminger,45-5101999,Product Management
946,Neal Minister,25-7659555,Research and Development
947,Adela de Vaen,09-7917153,Training
948,Amabel Line,17-1030944,Sales
949,Shawnee Fylan,75-1491031,Product Management
950,Kathie Ormrod,57-7493217,Human Resources
951,Alayne Bruinsma,27-3835648,Accounting
952,Zolly Bakesef,58-0647308,Marketing
953,Giff McGraw,83-8580183,Business Development
954,Mitchell Natwick,32-4801178,Product Management
955,Corinne Clench,44-4722421,Engineering
956,Trula Tewnion,74-8174525,Accounting
957,Branden Roizin,42-4116183,Product Management
958,Drusilla Gerger,51-1526790,Product Management
959,Yorgos Freddi,73-6367530,Sales
960,Melamie Stickings,06-0449754,Sales
961,Nicol Bavidge,71-0163335,Research and Development
962,Alfonso Cake,25-0402437,Support
963,Veradis Proudley,17-9303969,Accounting
964,Burch Demicoli,44-9864674,Human Resources
965,Riobard Purshouse,84-2717515,Marketing
966,Lanita Filipowicz,58-3465278,Services
967,Cliff Goodie,11-5238903,Support
968,Jilleen Woodcock,90-1622594,Research and Development
969,Adams Adamsson,57-0613776,Support
970,Jimmie Ping,26-7598977,Human Resources
971,Bertrand McLae,06-6264324,Sales
972,Geneva Bangle,44-8186455,Services
973,Candace Scafe,86-3646068,Sales
974,Hill O'Gormally,49-3150250,Sales
975,Yolande Sam,25-9520539,Support
976,Marita Sampey,35-9584356,Research and Development
977,Libbey Gegay,00-8680970,Services
978,Faina Huddlestone,25-7852871,Services
979,Elaina Nana,08-1894900,Accounting
980,Blayne Fullegar,82-6383012,Human Resources
981,Anatole Baudin,49-2390025,Accounting
982,Gabriela Kochlin,28-6240542,Human Resources
983,Gabby Bills,78-5227977,Engineering
984,Nye Ivashov,95-9076625,Product Management
985,Alexine Bignal,65-1194628,Research and Development
986,Yelena Fanshaw,23-2210660,Human Resources
987,Anna-diana Ridsdole,80-6133685,Research and Development
988,Hillery McMonies,18-3986922,Product Management
989,Burnaby Pavel,05-4840480,Product Management
990,Brigitta Graver,39-2627543,Support
991,Pebrook Gawkroge,42-6335293,Training
992,Yancy Rawll,50-0425129,Support
993,Rodger Rogge,88-8640076,Product Management
994,Cheslie Wileman,86-4362477,Services
995,Rowan Windrum,16-8274057,Services
996,Phillida Jersch,10-8127221,Marketing
997,Marlowe Sangster,43-0920058,Support
998,Marjorie McArdle,59-3895023,Legal
999,Hakeem McRuvie,25-0837005,Support
1000,Wes Andell,67-8620043,Marketing
