id,name,gender,occupation
1,Farly Mallan,Male,Administrative Assistant IV
2,Tatum Armall,Female,Quality Control Specialist
3,Chicky Epinay,Female,Physical Therapy Assistant
4,Mia Burmaster,Female,Internal Auditor
5,Marwin Furmston,Male,Senior Sales Associate
6,Mohammed Dowbakin,Male,Staff Scientist
7,Rebecka Pitman,Female,Food Chemist
8,Cati Gulliman,Female,Design Engineer
9,Laird Le Prevost,Bigender,Human Resources Assistant II
10,Anselm Garthshore,Male,Quality Control Specialist
11,Felice Grestie,Male,Account Executive
12,Gun Schubbert,Male,Occupational Therapist
13,Arne Zimmerman,Male,Marketing Assistant
14,Erie Clayworth,Male,GIS Technical Architect
15,Garrett Jakubovski,Male,Design Engineer
16,Jordon Tynnan,Male,Civil Engineer
17,Leonelle Pretor,Female,Project Manager
18,Boniface Mees,Male,Help Desk Operator
19,Pamelina Lumpkin,Female,Human Resources Assistant III
20,Craggie Alesbrook,Male,Assistant Manager
21,Von McCrow,Male,Chief Design Engineer
22,Friedrich Mertel,Male,Office Assistant IV
23,Kelbee Darbyshire,Male,Account Representative I
24,Anastasie Winear,Female,Administrative Assistant III
25,Rainer Allix,Male,Legal Assistant
26,Jamey Shewen,Male,Account Representative IV
27,Mina St Leger,Female,Food Chemist
28,Barth Killick,Male,Senior Quality Engineer
29,Chad Scibsey,Female,Web Developer II
30,Rina Meneghi,Female,Geologist III
31,Ernesto Elsby,Male,Media Manager II
32,Fey Franchi,Non-binary,Health Coach III
33,Fidelity Chatfield,Genderfluid,Technical Writer
34,Biddy Carlo,Female,Administrative Assistant I
35,Abbey Pavluk,Bigender,Analog Circuit Design manager
36,Shelba Mortlock,Bigender,GIS Technical Architect
37,Vinny Minchinton,Female,Chemical Engineer
38,Ciro Pickin,Male,Marketing Manager
39,Ulrica Kennion,Female,Product Engineer
40,Marius Hedges,Polygender,Information Systems Manager
41,Hort Guido,Male,Librarian
42,Ingeborg Cuddihy,Female,Director of Sales
43,Mada Warman,Female,Software Test Engineer IV
44,Celine Riatt,Female,Research Assistant IV
45,Kathrine Blofeld,Female,Chief Design Engineer
46,Brittaney Craythorn,Female,Speech Pathologist
47,Wilbert Munnings,Male,Nuclear Power Engineer
48,Jelene Squibbs,Female,Operator
49,Merv Dawidowitsch,Male,Administrative Officer
50,Cordi Buckthorp,Female,Junior Executive
51,Rakel Crichmere,Female,Actuary
52,Franchot Dartnall,Male,Occupational Therapist
53,Marley Antoinet,Female,Media Manager IV
54,Clayson Hardington,Male,Structural Analysis Engineer
55,Kaycee Verlinden,Genderqueer,Office Assistant III
56,Dermot Ruslen,Non-binary,Account Coordinator
57,Bobbe Denman,Polygender,Environmental Specialist
58,Brana Kleinplac,Female,VP Marketing
59,Priscilla Songhurst,Female,Compensation Analyst
60,Diandra Devons,Female,VP Quality Control
61,Philippe Eddies,Female,Junior Executive
62,Stacia Huburn,Female,Community Outreach Specialist
63,Parsifal Grosvenor,Male,VP Product Management
64,Friedrick Altree,Male,Technical Writer
65,Jemimah Shattock,Female,Environmental Specialist
66,Tanitansy Disman,Female,Registered Nurse
67,Remington McGrowther,Male,GIS Technical Architect
68,Abbye Vogl,Female,Community Outreach Specialist
69,Granny Rudledge,Male,Budget/Accounting Analyst II
70,Nikaniki Cheves,Female,Recruiter
71,Marge Hotchkin,Female,Clinical Specialist
72,Wilmette Milliere,Female,Marketing Manager
73,Lennard Stiebler,Male,Marketing Manager
74,Bella Derell,Female,Research Associate
75,Byrom Penniell,Male,GIS Technical Architect
76,Wilton Kiossel,Male,Senior Quality Engineer
77,Tracy Wiggall,Male,Project Manager
78,Alfonse Lafont,Non-binary,Recruiting Manager
79,Cheslie Arnaudon,Female,Programmer IV
80,Hube Siehard,Male,Director of Sales
81,Ferdinande Carriage,Female,Nuclear Power Engineer
82,Edd Scally,Male,Civil Engineer
83,Jacques Marran,Male,Editor
84,Mayne Torrans,Male,Registered Nurse
85,Richardo Mabey,Male,Data Coordinator
86,Rice Cawsby,Male,Account Representative II
87,Carolyne Treat,Female,Tax Accountant
88,Torre Lackie,Male,Product Engineer
89,Saunderson Heathfield,Male,Automation Specialist I
90,Silvia Tallowin,Female,Structural Analysis Engineer
91,Michell Crass,Female,Research Assistant III
92,Tamiko Bartolomeo,Female,Nuclear Power Engineer
93,Karel Whittall,Female,Senior Editor
94,Jedediah Misson,Male,Media Manager III
95,Carol Dell,Female,Environmental Specialist
96,Ancell Vanichkov,Male,Software Consultant
97,Samantha Rainsbury,Female,Desktop Support Technician
98,Abby Strowthers,Male,Assistant Professor
99,Andrus Nortcliffe,Male,Database Administrator II
100,Jerald Rowbury,Male,Pharmacist
101,Katie Reignould,Female,Computer Systems Analyst I
102,Cherish O'dell,Female,Cost Accountant
103,Gabbie Warre,Female,Social Worker
104,Ramonda Scanderet,Female,Civil Engineer
105,Bealle Honniebal,Male,Electrical Engineer
106,Carson Benham,Male,Structural Engineer
107,Rachele Godfery,Female,Business Systems Development Analyst
108,Talya Lorentzen,Female,Programmer Analyst II
109,Johnette Giacobini,Female,Cost Accountant
110,Gianna Battabee,Female,VP Product Management
111,Eugen Crepel,Male,Speech Pathologist
112,Lauraine Edelston,Female,Legal Assistant
113,Town Hedlestone,Male,Account Coordinator
114,Carlynn Cregan,Female,Electrical Engineer
115,Flossie Sparke,Female,Mechanical Systems Engineer
116,Daryl Imlin,Female,Assistant Manager
117,Amy Nerger,Female,Health Coach IV
118,Belicia Shiers,Female,Software Engineer I
119,Sarine Dovidaitis,Female,Engineer III
120,Andra Garvill,Genderfluid,Cost Accountant
121,Blanche Camerati,Female,Internal Auditor
122,Rooney Voas,Male,Mechanical Systems Engineer
123,Tonya Shearsby,Female,Occupational Therapist
124,Birch Blakeslee,Male,Librarian
125,Martina Dicey,Female,Account Coordinator
126,Constance Birtley,Female,Analyst Programmer
127,Teodor Cuerdall,Male,Budget/Accounting Analyst III
128,Albertina Center,Female,Senior Developer
129,Belicia Grelak,Polygender,Information Systems Manager
130,Brennan Smalridge,Bigender,Environmental Specialist
131,Neville Whyberd,Male,Food Chemist
132,Pauli Sproat,Genderqueer,Accountant I
133,Ethelda Winfrey,Female,Recruiting Manager
134,Evangelin Fenge,Female,Nurse Practicioner
135,Nicola Conman,Male,Speech Pathologist
136,Coop Fiennes,Male,Community Outreach Specialist
137,Sharleen Murgatroyd,Female,Marketing Assistant
138,Dierdre Weddell,Female,Geological Engineer
139,Robby Rapps,Male,Professor
140,Catlaina Easseby,Female,Assistant Manager
141,Gaynor Digweed,Female,Teacher
142,Austin Deguara,Male,Computer Systems Analyst IV
143,Sherwood Cearley,Male,Design Engineer
144,Amye Boxill,Female,Structural Analysis Engineer
145,Trudi Servant,Female,Senior Quality Engineer
146,Carlynn Filippov,Female,Developer II
147,Thaddus Copner,Male,Environmental Specialist
148,Theressa Metrick,Female,Safety Technician I
149,Pamelina Whiff,Female,Software Engineer I
150,Kale Rodear,Male,VP Product Management
151,Raynell Wilbraham,Female,Help Desk Operator
152,Cassie Allain,Female,Assistant Manager
153,Erskine Raleston,Male,Staff Scientist
154,Filip Eccott,Male,Human Resources Manager
155,Denys Jorat,Female,Recruiting Manager
156,Gene Howchin,Female,Health Coach II
157,Basia Corradetti,Female,Automation Specialist I
158,Wilton Glassford,Male,Administrative Assistant III
159,Jan Vankov,Male,Occupational Therapist
160,Shanie Dudin,Female,Marketing Manager
161,Myrna Hampe,Female,Safety Technician III
162,Eolande Kynder,Female,Statistician I
163,Shanna Huntington,Female,Web Designer II
164,Hastie Amaya,Male,Operator
165,Nance Rands,Female,Human Resources Manager
166,Matthew Chalice,Male,Compensation Analyst
167,Pennie Gooday,Non-binary,Data Coordinator
168,Abbe Baltrushaitis,Female,Actuary
169,Aube MacDonald,Male,Business Systems Development Analyst
170,Berkley Spraging,Male,Statistician III
171,My Phlippsen,Male,Health Coach II
172,Jeanette MacKissack,Female,Technical Writer
173,Lorenza Hatherell,Female,Assistant Professor
174,Arnuad Cribbin,Male,Social Worker
175,Ninon Kembrey,Female,Geologist III
176,Lee Playdon,Male,Account Executive
177,Archie Mounfield,Male,Professor
178,Filide Forsdicke,Female,Database Administrator II
179,Alexio Vignaux,Male,Account Executive
180,Harlene Bhar,Female,Cost Accountant
181,Thorvald Covotto,Male,Associate Professor
182,Hale Jocic,Male,Research Assistant III
183,Pail Grandin,Male,Operator
184,Valina Wale,Female,Computer Systems Analyst IV
185,Lydon Bench,Male,Mechanical Systems Engineer
186,Marybelle Hollows,Female,Mechanical Systems Engineer
187,Lancelot Gaveltone,Male,Dental Hygienist
188,Claudius Revel,Genderqueer,Geologist II
189,Christabel Cosely,Female,Research Nurse
190,Cazzie Elverstone,Male,Librarian
191,Field Millhouse,Male,VP Sales
192,Marianne Meeks,Genderfluid,Analyst Programmer
193,Kristyn Desporte,Female,Software Test Engineer II
194,Kerry Hebblewaite,Female,Food Chemist
195,Carney Roulston,Male,Health Coach II
196,Ardyce O'Glessane,Female,Analyst Programmer
197,Arlan Rosenfelt,Male,General Manager
198,Loretta Rainforth,Female,Executive Secretary
199,Orly Greenslade,Female,Internal Auditor
200,Ellary Bettlestone,Male,Registered Nurse
201,Dante Dannel,Genderqueer,Statistician II
202,Kalina Pentycross,Female,Help Desk Technician
203,Glynda Lundbech,Female,Recruiting Manager
204,Chandra Daymond,Female,Food Chemist
205,Evered Upchurch,Male,Technical Writer
206,Cecily Meynell,Female,Design Engineer
207,Jobi Blevin,Female,Quality Control Specialist
208,Hector Etheridge,Male,Design Engineer
209,Vladimir Gaywood,Male,Help Desk Technician
210,Michail Epgrave,Male,Chemical Engineer
211,Lionello Macura,Male,Physical Therapy Assistant
212,Pascale Carbett,Polygender,Geologist III
213,Claudio Crosskell,Male,Design Engineer
214,Delmor McCurrie,Male,Database Administrator I
215,Ikey Cashen,Male,Software Test Engineer I
216,Dani Sandford,Female,Accounting Assistant III
217,Tobie Gallone,Male,Compensation Analyst
218,Callie Neachell,Female,Account Coordinator
219,Flori Tither,Female,Account Executive
220,Aindrea Borthe,Female,Computer Systems Analyst II
221,Zita Fullerlove,Female,GIS Technical Architect
222,Mora Pepperell,Female,Web Developer III
223,Gasper McGuckin,Male,Sales Representative
224,Glory Arrell,Female,Senior Developer
225,Riane Chaize,Female,Assistant Manager
226,Karyn Schultheiss,Female,Desktop Support Technician
227,Giovanni Crumby,Male,Accounting Assistant II
228,Marya Forgan,Female,Information Systems Manager
229,Tine Found,Female,VP Accounting
230,Elka Fishpool,Female,Executive Secretary
231,Emili Minor,Female,Staff Accountant II
232,Geneva Daw,Female,Compensation Analyst
233,Thaine Goolden,Male,Nurse
234,Kata Fassbender,Female,Assistant Media Planner
235,Kort Prettyjohns,Male,Nuclear Power Engineer
236,Jeane Flintuff,Bigender,Account Coordinator
237,Gawain Stovell,Male,Database Administrator IV
238,Valentia Carreyette,Female,VP Marketing
239,Hillel Sommerfeld,Male,Associate Professor
240,Harmon Mulloch,Male,General Manager
241,Brant Matley,Male,Environmental Specialist
242,Derry Edy,Male,Recruiter
243,Jefferey Schubuser,Genderfluid,Help Desk Operator
244,Peggie McVee,Female,Computer Systems Analyst I
245,Hyacinthia Gibling,Female,Nuclear Power Engineer
246,Stanfield Tuohy,Male,Desktop Support Technician
247,Anna-maria Espinosa,Bigender,Software Test Engineer II
248,Nicolais Argyle,Male,Chief Design Engineer
249,Elset Meriot,Female,Speech Pathologist
250,Ardelia Deeves,Female,Community Outreach Specialist
251,Norris Chazerand,Male,Analog Circuit Design manager
252,Walliw Flamank,Female,Media Manager II
253,Berti Lockley,Male,Desktop Support Technician
254,Darcee Mousley,Female,Statistician II
255,Towny Alsina,Male,Recruiter
256,Ralf Stimpson,Male,Paralegal
257,Concettina Anfossi,Female,Database Administrator I
258,Kin Lethardy,Bigender,Programmer Analyst I
259,Vail Diter,Male,Biostatistician III
260,Brier Moorcroft,Female,Executive Secretary
261,Heriberto Le Leu,Male,Biostatistician III
262,Susana Pelham,Female,Programmer Analyst I
263,Artur Leppingwell,Male,Budget/Accounting Analyst IV
264,Andreana Tapley,Female,Structural Analysis Engineer
265,Loella Smallman,Female,Account Coordinator
266,Findley Meredith,Male,Clinical Specialist
267,Emlyn Lancetter,Male,Cost Accountant
268,Michaelina Cobbe,Agender,Chief Design Engineer
269,Fleur Showl,Female,Help Desk Technician
270,Lorant Lapre,Male,Cost Accountant
271,Vincent Tilbey,Male,Desktop Support Technician
272,Michal Baybutt,Male,Nurse Practicioner
273,Maxie Benneyworth,Female,Chemical Engineer
274,Allistir Larver,Male,Administrative Officer
275,Shaw Gethings,Male,Business Systems Development Analyst
276,Immanuel Mellings,Male,GIS Technical Architect
277,Berenice Hutley,Female,Financial Analyst
278,Jacquette Pottiphar,Female,Geological Engineer
279,Garrard Giggie,Male,Quality Engineer
280,Fredrick Pethybridge,Male,Administrative Officer
281,Augustin Ironside,Male,Human Resources Assistant I
282,Lucio Du Plantier,Male,Nurse
283,Kyle Biggen,Male,Database Administrator I
284,Court Uden,Male,Media Manager III
285,Benjamin Gilhespy,Male,Software Engineer III
286,Hewett Wileman,Male,Teacher
287,Corliss Parcall,Female,Programmer Analyst I
288,August Wisden,Male,Analyst Programmer
289,Daffi Dentith,Female,Computer Systems Analyst II
290,Nico Gardner,Male,Electrical Engineer
291,Cecil Goatcher,Agender,Speech Pathologist
292,Elspeth Winear,Female,Senior Editor
293,Giff Rabbitt,Male,Office Assistant III
294,Felix Avramow,Male,Software Engineer III
295,Cristin Momery,Female,VP Accounting
296,Ingemar Szymanski,Bigender,Environmental Tech
297,Lonnie Dering,Male,Graphic Designer
298,Lanie Pierrepoint,Female,Internal Auditor
299,Gracie Lyte,Female,Registered Nurse
300,Addie Izkovitz,Male,Senior Financial Analyst
301,Nedi Moynham,Female,Automation Specialist IV
302,Gray Elsmore,Male,Budget/Accounting Analyst IV
303,Pauly Warrington,Male,Graphic Designer
304,Traver Toffler,Male,Accountant II
305,Danie Longfield,Male,Analyst Programmer
306,Staffard Threadgill,Male,Community Outreach Specialist
307,Adrianne Majury,Female,Senior Developer
308,Sherye Vial,Female,Web Designer III
309,Mack Mynott,Male,Marketing Manager
310,Ula Ourry,Non-binary,Paralegal
311,Neysa Hayden,Female,Senior Financial Analyst
312,Stanfield McRannell,Male,Nuclear Power Engineer
313,Dayna Thornton,Female,Librarian
314,Morlee Gaitskell,Male,GIS Technical Architect
315,Henrik Sowrah,Male,Nurse
316,Royce Wudeland,Male,Senior Financial Analyst
317,Tully Assante,Male,Information Systems Manager
318,Mariann Blasing,Genderqueer,Community Outreach Specialist
319,Keven Lynock,Male,Computer Systems Analyst II
320,Hanni Barclay,Female,Software Test Engineer III
321,Kimberli Meltetal,Female,Office Assistant III
322,Candy Stoffersen,Female,Recruiting Manager
323,Guillermo Noye,Male,Recruiter
324,Wynny Passion,Female,Nurse Practicioner
325,Sonja Claxton,Female,Registered Nurse
326,Marilin Van Halle,Female,Food Chemist
327,Gray Brazur,Male,Mechanical Systems Engineer
328,Yancey Rhelton,Male,VP Product Management
329,Reeta Storrs,Female,Quality Engineer
330,Lonnard Leinthall,Male,Financial Analyst
331,Prissie De Brett,Female,Editor
332,Sydelle Pash,Female,Clinical Specialist
333,Stanton Ivashinnikov,Male,Help Desk Technician
334,Nevsa Oliphard,Female,Help Desk Technician
335,Munmro Tacey,Male,Account Coordinator
336,Byron Merigon,Male,Administrative Assistant II
337,Doro Wasling,Female,Staff Accountant I
338,Travus Feasby,Male,Junior Executive
339,Mohammed Denisovo,Agender,Registered Nurse
340,Tull Scanterbury,Male,Senior Financial Analyst
341,Oneida Paler,Female,Senior Sales Associate
342,Darelle Marchelli,Bigender,Payment Adjustment Coordinator
343,Warner Cordsen,Male,Administrative Assistant IV
344,Hugibert Reckless,Male,Geological Engineer
345,Llewellyn Lowry,Male,Research Associate
346,Vittorio Sommerville,Male,Teacher
347,Pepillo Penney,Male,Recruiting Manager
348,Ellen Murray,Female,Chief Design Engineer
349,Augusto Ewert,Male,Information Systems Manager
350,Eliza Brendish,Female,Technical Writer
351,Roslyn Dullingham,Female,Environmental Specialist
352,Filberto Headon,Male,Web Designer III
353,Thibaut O'Neal,Male,Help Desk Technician
354,Gail Rzehorz,Male,Food Chemist
355,Rozelle Pinxton,Female,Marketing Assistant
356,Fionna Garnsworth,Female,Administrative Assistant IV
357,Daile Halhead,Female,Accounting Assistant I
358,Matthus Moral,Male,Assistant Manager
359,Ryley Mintoft,Male,GIS Technical Architect
360,Petra Furmedge,Female,Nurse Practicioner
361,Giffard Folks,Male,Staff Scientist
362,Raddie Pfiffer,Male,Editor
363,Lynda Stud,Female,Environmental Tech
364,Emelia Itzakson,Female,Administrative Officer
365,Harlen Mateuszczyk,Male,Project Manager
366,Randi Yakovich,Female,Staff Scientist
367,Daniella Caldeyroux,Bigender,Engineer II
368,Filmore Bhar,Male,Structural Analysis Engineer
369,Liv Shah,Female,Food Chemist
370,Alec Clamo,Male,Software Engineer IV
371,Nickolai Winton,Male,Account Executive
372,Dolli Counter,Female,Associate Professor
373,Maxie Glencrosche,Female,Chief Design Engineer
374,Sol Slidders,Agender,Senior Developer
375,Cirilo Steadman,Male,Help Desk Operator
376,Webb Spellecy,Male,Staff Accountant III
377,Nettle Lanchbery,Female,Occupational Therapist
378,Pauly Martinetto,Female,Analog Circuit Design manager
379,Jared Loren,Male,Quality Engineer
380,Pavel Arling,Male,Structural Analysis Engineer
381,Karlyn Fielder,Female,Nurse Practicioner
382,Leona Achromov,Female,Librarian
383,Patience Matteoni,Non-binary,Dental Hygienist
384,Mariquilla Tschierasche,Female,Assistant Media Planner
385,Domingo Delnevo,Genderfluid,Physical Therapy Assistant
386,Agnese Shurrock,Female,Graphic Designer
387,Loraine Burkinshaw,Genderqueer,Account Executive
388,Micky Grigg,Male,Nuclear Power Engineer
389,Lynsey Broadist,Female,Systems Administrator I
390,Stefano Duester,Male,Developer I
391,Erastus Lamba,Male,Food Chemist
392,Donelle Mundie,Female,Account Executive
393,Tommie Papaminas,Male,Senior Developer
394,Melinda Beesley,Female,Desktop Support Technician
395,Maiga Huckabe,Female,Automation Specialist I
396,Francesco Pala,Male,Clinical Specialist
397,Cristabel Sleit,Female,Pharmacist
398,Gloria Dellit,Female,Analog Circuit Design manager
399,Jae Rae,Male,Teacher
400,Binky Bearsmore,Male,Web Developer II
401,Romy Howley,Polygender,VP Sales
402,Morly Ellit,Male,GIS Technical Architect
403,Staci O'Bruen,Female,Business Systems Development Analyst
404,Lawrence Meaders,Male,VP Quality Control
405,Rudolfo Endle,Male,Senior Sales Associate
406,Marion Stebbing,Male,Safety Technician III
407,Shandeigh Sealy,Female,Community Outreach Specialist
408,Toinette Greir,Female,Senior Sales Associate
409,Celene Roddick,Female,Accountant II
410,Lonna Barnewille,Female,Nurse Practicioner
411,Vina Gotter,Female,Chemical Engineer
412,Horatio Rabjohns,Male,Junior Executive
413,Magda Cargen,Female,Legal Assistant
414,Cyndy Allridge,Agender,Occupational Therapist
415,Bryan Olerenshaw,Male,Research Nurse
416,Maure Laurencot,Female,Engineer II
417,Dill Dehmel,Male,Design Engineer
418,Melissa Goodbar,Female,Cost Accountant
419,Georg Winney,Male,Help Desk Operator
420,Ricard Insworth,Male,Recruiting Manager
421,Parry Jasper,Male,Senior Editor
422,Tedie Obray,Male,Software Test Engineer IV
423,Isabel Lawly,Female,Web Developer III
424,Kimbell Huzzey,Male,Administrative Assistant II
425,Barnard Larmuth,Male,Civil Engineer
426,Cynde Radenhurst,Female,Quality Control Specialist
427,Kristos Shotboult,Male,Help Desk Technician
428,Golda Morrowe,Female,Clinical Specialist
429,Percival Pritchard,Male,Clinical Specialist
430,Trina Whacket,Female,Community Outreach Specialist
431,Nico Monier,Polygender,Dental Hygienist
432,Lotta Lansley,Female,Nurse Practicioner
433,Sofia Benedito,Female,GIS Technical Architect
434,Raffarty Slimm,Male,Technical Writer
435,Roddy Elkin,Male,Senior Editor
436,Paddie de Chastelain,Male,Teacher
437,Trumaine Kinnen,Male,Human Resources Assistant I
438,Robb Hollindale,Male,Recruiter
439,Norby Campo,Male,Nurse Practicioner
440,Cherin Guppie,Female,Programmer II
441,Renato Roach,Male,Database Administrator III
442,Arnold Rowston,Male,Geological Engineer
443,Elva Postill,Female,Product Engineer
444,Victoria Briereton,Female,Assistant Media Planner
445,Malinde Mollin,Female,Payment Adjustment Coordinator
446,Waylen Rowling,Non-binary,Budget/Accounting Analyst IV
447,Kasey Curnok,Female,Financial Analyst
448,Gwyneth Younglove,Female,Sales Representative
449,Chas Woan,Male,Project Manager
450,Danila Bullick,Female,Desktop Support Technician
451,Tally Ratledge,Female,Executive Secretary
452,Antonetta Surgenor,Female,Help Desk Technician
453,Enrico Sextie,Male,Librarian
454,Ellary Grisedale,Non-binary,Environmental Tech
455,Dorthea Simkins,Female,Mechanical Systems Engineer
456,Fulvia Kenen,Female,Statistician IV
457,Concordia Aburrow,Female,Systems Administrator III
458,Dietrich Rattenberie,Male,Community Outreach Specialist
459,Kimmi Landon,Female,Occupational Therapist
460,Janie Spraging,Female,Analog Circuit Design manager
461,Livvy Rolles,Female,Automation Specialist III
462,Lilyan Basek,Female,Recruiter
463,Aloisia Mabbott,Female,Community Outreach Specialist
464,Hanna Fenemore,Female,Dental Hygienist
465,Wynnie Klass,Female,Legal Assistant
466,Bette-ann Faughnan,Genderfluid,Quality Engineer
467,Kirsteni Claw,Female,Recruiting Manager
468,Reina Dearnley,Female,Paralegal
469,Skell Buzek,Male,Actuary
470,Jeremias Grzeszczak,Male,Assistant Professor
471,Rozalin Oxx,Female,Financial Advisor
472,Zsazsa Spendlove,Female,Account Representative III
473,Gale D'eathe,Male,Cost Accountant
474,Carson Figger,Male,Help Desk Technician
475,Vanna Scemp,Female,Executive Secretary
476,Gretta Courtin,Bigender,Speech Pathologist
477,Dalis Pretty,Male,Software Test Engineer I
478,Amble Antonetti,Male,Research Assistant IV
479,Lian Pourveer,Female,Internal Auditor
480,Cherice Longthorn,Female,Cost Accountant
481,Steffie Barge,Female,VP Accounting
482,Faith Banfield,Female,Senior Financial Analyst
483,Dolorita Ert,Female,Data Coordinator
484,Nahum Antonescu,Male,Structural Analysis Engineer
485,Janifer Scafe,Female,Engineer IV
486,Vania Durnin,Female,Registered Nurse
487,Kellie Sushams,Female,Registered Nurse
488,Korrie Figgs,Female,Geological Engineer
489,Shanda Belz,Female,Software Consultant
490,Mackenzie Coston,Male,Speech Pathologist
491,Morty Padillo,Male,Accounting Assistant I
492,Stirling Witherbed,Male,Food Chemist
493,Eleni Cutchee,Female,Actuary
494,Winona Twycross,Female,Database Administrator I
495,Hill Groarty,Genderqueer,Research Associate
496,Carri Slorach,Female,Mechanical Systems Engineer
497,Wiley Della Scala,Male,Nuclear Power Engineer
498,Rainer Edginton,Male,Programmer III
499,Lidia Mosby,Female,Product Engineer
500,Stephie Suddick,Female,Analyst Programmer
501,Carolee Bullus,Female,Budget/Accounting Analyst IV
502,Lauree Benedit,Female,Safety Technician III
503,Emmalynn Dowry,Polygender,Speech Pathologist
504,Talia Trahair,Female,Software Test Engineer II
505,Sella Lyle,Female,Physical Therapy Assistant
506,Shep Tuttiett,Male,Administrative Officer
507,Allianora Caught,Non-binary,Physical Therapy Assistant
508,Padriac Lemerle,Male,Structural Engineer
509,Traci Whistlecraft,Female,Desktop Support Technician
510,Shay Corderoy,Female,Account Executive
511,Waneta Flint,Female,Graphic Designer
512,Camel Claxson,Female,Computer Systems Analyst I
513,Sybille Piaggia,Female,Occupational Therapist
514,Ignaz Langford,Male,Clinical Specialist
515,Gav Stucksbury,Male,Administrative Officer
516,Shellysheldon Dukes,Male,Engineer III
517,Hilly De Cruz,Male,Senior Sales Associate
518,Morty Gorse,Male,Assistant Manager
519,Shauna Manes,Female,Registered Nurse
520,Guillema Plinck,Female,Biostatistician IV
521,Selig Haswell,Male,GIS Technical Architect
522,Izabel Sandon,Female,Electrical Engineer
523,Ethelin Vibert,Female,Systems Administrator III
524,Kalil Mardall,Male,Cost Accountant
525,Tabina Meade,Female,Electrical Engineer
526,Dorey Duddin,Female,Software Consultant
527,Olive Dhillon,Female,Assistant Professor
528,Grantley Teggart,Male,Design Engineer
529,Emerson Leonida,Male,Sales Representative
530,Cthrine Ezzle,Polygender,General Manager
531,Maje Whitcher,Bigender,Account Executive
532,Ernie Kiddye,Male,Staff Accountant IV
533,Ivette Ropkins,Female,Structural Analysis Engineer
534,Carmelita Burgisi,Female,Editor
535,Bonny Buckenhill,Female,Professor
536,Eleonore Widdocks,Female,Executive Secretary
537,Jamaal Futty,Male,Software Engineer III
538,Berton Tumility,Male,Financial Advisor
539,Karoly Peile,Male,Project Manager
540,Nerta McElhargy,Polygender,Media Manager III
541,Gay Sizeland,Female,Mechanical Systems Engineer
542,Luz Blackmoor,Female,Research Associate
543,Helaina Stairs,Female,Software Test Engineer I
544,Tuck Rosberg,Male,Social Worker
545,Guido Finlan,Male,Community Outreach Specialist
546,Dianna Krysztofiak,Female,Registered Nurse
547,Kipp Sheals,Male,VP Sales
548,Salomo Instone,Male,Marketing Assistant
549,Sunshine Stallebrass,Female,Chief Design Engineer
550,Kerrin Ridgers,Female,Senior Quality Engineer
551,Daisy Chastenet,Female,Accountant III
552,Miriam Nacci,Female,Human Resources Manager
553,Keeley Albin,Female,Environmental Tech
554,Micheal Grimsdike,Male,Geological Engineer
555,Robinia Gregoraci,Female,General Manager
556,Vinnie Dominik,Male,Marketing Manager
557,Reece Such,Male,Actuary
558,Quintus Lapidus,Male,Account Coordinator
559,Gretna Conduit,Female,Marketing Assistant
560,Krista Mackneis,Female,Software Consultant
561,Tybalt Crowley,Male,Financial Advisor
562,Berton Gibbens,Male,Director of Sales
563,Robinia Cocking,Polygender,Software Engineer II
564,Alexia Greenshiels,Female,Sales Associate
565,Carver Merigon,Male,Marketing Manager
566,Wes Camilio,Male,Human Resources Assistant I
567,Chiarra Di Napoli,Female,Tax Accountant
568,Kennith Ricca,Male,Geological Engineer
569,Portia Hurleston,Female,Sales Associate
570,Mavis Tale,Female,Analyst Programmer
571,Bev Rubinshtein,Non-binary,Junior Executive
572,Gregorius Duplan,Non-binary,Structural Engineer
573,Genevra Kinder,Female,Desktop Support Technician
574,Rodi Jolin,Female,Business Systems Development Analyst
575,Othella Orans,Female,Environmental Tech
576,Mommy Whightman,Female,VP Accounting
577,Jone Sabati,Male,Senior Cost Accountant
578,Kristine Pigny,Female,Professor
579,Rivkah Doak,Female,Actuary
580,Minnie Heyworth,Female,Actuary
581,Elden Gauche,Male,Geological Engineer
582,Esmaria Humphries,Female,Environmental Tech
583,Craig Lowndsbrough,Male,Executive Secretary
584,Faydra Letch,Female,Electrical Engineer
585,Brooks Leathem,Female,Programmer Analyst III
586,Joli Thurber,Bigender,Engineer III
587,Junie Ledner,Female,Programmer IV
588,Cordy Wilbud,Female,Speech Pathologist
589,Winthrop Larratt,Male,Structural Engineer
590,Reggie Whitsey,Agender,Dental Hygienist
591,Farly Grave,Male,Graphic Designer
592,Dodie Burnes,Female,Design Engineer
593,Marya Readmire,Female,Operator
594,Barret Gornar,Male,Civil Engineer
595,Emery Bantock,Male,Physical Therapy Assistant
596,Haslett Goatcher,Male,Database Administrator IV
597,Ian Hagard,Male,Occupational Therapist
598,Guido Behrendsen,Male,Human Resources Manager
599,Briney Holston,Female,Graphic Designer
600,Dev Boch,Non-binary,Research Assistant II
601,Nicola Luety,Male,Business Systems Development Analyst
602,Aveline Adamoli,Female,Paralegal
603,Waldemar Tregidgo,Male,Occupational Therapist
604,Derek Gotobed,Male,Registered Nurse
605,Jodee Toal,Non-binary,Registered Nurse
606,Chrisy Lush,Non-binary,Electrical Engineer
607,Alisun Rumble,Female,Financial Advisor
608,Rockwell Switzer,Male,Help Desk Operator
609,Trixie Tavernor,Female,Analyst Programmer
610,Quillan Woodrough,Male,Geologist IV
611,Tammara Abraham,Non-binary,Research Nurse
612,Johannah Jendas,Female,Senior Editor
613,Cordy Shackleton,Male,Editor
614,Alexandros Winspire,Male,Electrical Engineer
615,Sebastien Lincke,Male,Paralegal
616,Godiva Linnett,Female,Technical Writer
617,Madelaine Truin,Female,Design Engineer
618,Audrye Awcock,Female,Librarian
619,Kean Sotheby,Male,Marketing Manager
620,Jefferey Emney,Genderfluid,Assistant Professor
621,Marchall Horwell,Male,Information Systems Manager
622,Earlie Greatrex,Male,General Manager
623,Sterling Meni,Bigender,Financial Analyst
624,Kirby McFeate,Male,Statistician II
625,Coleman Pantridge,Male,Statistician IV
626,Deva Docker,Female,GIS Technical Architect
627,Martyn Paur,Male,Desktop Support Technician
628,Lianna Lean,Female,Food Chemist
629,Della Cleaton,Female,Assistant Manager
630,Clay Ashfold,Male,Geologist IV
631,Cate Crookes,Female,Clinical Specialist
632,Jade Westbury,Female,Executive Secretary
633,Pooh Bellfield,Polygender,Assistant Manager
634,Dreddy Delagnes,Female,Help Desk Operator
635,Bernice Escalero,Polygender,Registered Nurse
636,Kevin Falla,Male,Media Manager IV
637,Marlo Howman,Female,Business Systems Development Analyst
638,Creighton Sparrow,Male,Office Assistant III
639,Dell Given,Male,Occupational Therapist
640,Kaitlynn Wagenen,Female,Administrative Officer
641,Willdon Coyle,Male,Structural Analysis Engineer
642,Alyssa Birtle,Female,Product Engineer
643,Sybil Standish-Brooks,Female,Desktop Support Technician
644,Gloriana Dorkens,Female,Programmer II
645,Dennie Gartenfeld,Male,Budget/Accounting Analyst I
646,Meggi McIlmorie,Female,Accounting Assistant II
647,Nickie Keese,Female,Paralegal
648,Jennifer Alp,Female,Social Worker
649,Carmen Leming,Female,General Manager
650,Sydney Davidoff,Female,Recruiting Manager
651,Cahra Harrell,Agender,Statistician I
652,Abbe Cowley,Male,Developer IV
653,Dare Thorley,Male,Speech Pathologist
654,Bond Possell,Male,Clinical Specialist
655,Marlo Apedaile,Female,VP Accounting
656,Mead Dinning,Non-binary,Senior Cost Accountant
657,Dahlia Donlon,Female,Registered Nurse
658,Haily Roback,Female,VP Sales
659,Sherye Erricker,Female,Cost Accountant
660,Cello Linzey,Male,Physical Therapy Assistant
661,Jerrilee Blumer,Female,Senior Financial Analyst
662,Elsy Grigoriscu,Female,VP Quality Control
663,Carena Westover,Female,Design Engineer
664,Judy Woffinden,Female,VP Quality Control
665,Dotty Doyland,Female,Dental Hygienist
666,Sanders Aldins,Male,Associate Professor
667,Lindon MacCook,Male,Desktop Support Technician
668,Xerxes Tommen,Male,Geological Engineer
669,Kerr Clarke-Williams,Male,Software Consultant
670,Dwain Croizier,Male,Senior Cost Accountant
671,Inglis Easthope,Male,Geologist I
672,Reinaldo Dummer,Male,Software Test Engineer I
673,Jessalyn Klimke,Female,Accountant I
674,Anneliese Rozanski,Female,Accountant III
675,Margalit Hember,Female,Statistician I
676,Ludovika Cholonin,Agender,Project Manager
677,Forrester Capineer,Male,Executive Secretary
678,Ailee Abbots,Female,Actuary
679,Carena MacKibbon,Female,Operator
680,Alfredo Cavaney,Non-binary,Staff Accountant III
681,Cinderella Weldon,Female,Actuary
682,Brice Garley,Male,Executive Secretary
683,Dannye Denzilow,Female,Computer Systems Analyst III
684,Mayer Gilsthorpe,Male,Legal Assistant
685,Clarence Meaddowcroft,Male,Internal Auditor
686,Francoise Gullivan,Female,Structural Engineer
687,Crystal Philipard,Female,Technical Writer
688,Tracey Matteoli,Male,Financial Analyst
689,Randy Corris,Male,Operator
690,Wittie Kik,Male,Software Engineer I
691,Blakeley Glew,Female,Recruiter
692,Lida Salvidge,Female,Editor
693,Darin Richt,Male,Administrative Assistant I
694,Carola Kleinerman,Female,Media Manager III
695,Herta Hardes,Female,Mechanical Systems Engineer
696,Chet Stone,Agender,Teacher
697,Malvin Lythgoe,Male,Software Consultant
698,Cull Embra,Male,Safety Technician III
699,Giles Fancott,Male,Administrative Assistant III
700,Jared McMeekan,Male,Technical Writer
701,Alida Jenckes,Female,Junior Executive
702,Jesus Dovey,Male,Quality Control Specialist
703,Elwyn Briston,Male,Nurse Practicioner
704,Judas Wroth,Male,Staff Accountant III
705,Wald Alves,Male,Information Systems Manager
706,Carley Wayper,Female,Tax Accountant
707,Maryrose Basini-Gazzi,Female,Social Worker
708,Jeramey Enrrico,Male,Physical Therapy Assistant
709,Ignazio Roddie,Male,Quality Control Specialist
710,Blake Stainson,Female,Teacher
711,Shayne Dominiak,Male,Cost Accountant
712,Svend Dunlea,Male,Administrative Assistant II
713,Jacquenette Henrion,Agender,Budget/Accounting Analyst II
714,Stanfield Perrinchief,Male,General Manager
715,Jerad Thorrold,Male,Programmer III
716,Vasily Knoble,Bigender,Environmental Specialist
717,Samson Warland,Male,Assistant Media Planner
718,Anallese Managh,Female,Registered Nurse
719,Carmita Leidl,Female,Food Chemist
720,Wallace Cowdrey,Male,VP Marketing
721,Storm Eake,Female,Research Nurse
722,Karin Flemyng,Female,Compensation Analyst
723,Barrie Agius,Male,Office Assistant II
724,Dru Haycroft,Male,Structural Analysis Engineer
725,Claudetta Grieves,Genderfluid,Health Coach I
726,Cynde Massimi,Female,Environmental Tech
727,Emilio Ball,Male,Design Engineer
728,Lurline Withrop,Female,Environmental Tech
729,Micky Feare,Male,Product Engineer
730,Cassaundra Debrett,Female,Desktop Support Technician
731,Lou Childes,Non-binary,Social Worker
732,Hyatt Humber,Male,Legal Assistant
733,Lindsey Wheway,Male,Project Manager
734,Rog Kelf,Male,Operator
735,Quill Orsay,Agender,VP Quality Control
736,Zachary Bauer,Male,GIS Technical Architect
737,Anet Whate,Female,Technical Writer
738,Dru Khosa,Male,Assistant Media Planner
739,Lydie Crepel,Female,Civil Engineer
740,Fons Emanuelov,Male,Human Resources Manager
741,Forrester Harverson,Male,Assistant Manager
742,Heddi Skeech,Female,Software Engineer I
743,Cleopatra Ballantine,Female,Budget/Accounting Analyst III
744,Otho Nurden,Male,Chemical Engineer
745,Melisa Head,Female,Data Coordinator
746,Frieda Gipson,Female,Assistant Manager
747,Sidney Apfler,Male,Quality Control Specialist
748,Kit Collings,Female,Systems Administrator I
749,Misha Sperwell,Female,Quality Control Specialist
750,Malory Kitchaside,Female,Compensation Analyst
751,Derk Borthram,Male,VP Quality Control
752,Edmund Harle,Male,Assistant Manager
753,Harmon Obeney,Male,Computer Systems Analyst III
754,Cati Luck,Female,VP Quality Control
755,Valdemar Boutellier,Male,Environmental Specialist
756,Chicky Condit,Male,Administrative Assistant IV
757,Hussein Spere,Male,Marketing Assistant
758,Delila Marcussen,Female,Geological Engineer
759,Audra Heinsius,Female,VP Sales
760,Zenia Kimberley,Female,Information Systems Manager
761,Cariotta Burgess,Female,Community Outreach Specialist
762,Lory Rittelmeyer,Female,Quality Engineer
763,Colas Funnell,Male,GIS Technical Architect
764,Joel MacIntyre,Male,Associate Professor
765,Shamus Richford,Male,Assistant Professor
766,Burlie Weedall,Male,Technical Writer
767,Tara Vlahos,Female,Geological Engineer
768,Mathilda Knowlman,Female,Editor
769,Reilly Weathey,Male,Senior Financial Analyst
770,Kellia Lethibridge,Female,Structural Engineer
771,Hana Grodden,Female,Financial Advisor
772,Cristie Willox,Female,VP Product Management
773,Tris Escoffrey,Male,Social Worker
774,Emmerich Duferie,Genderqueer,Analyst Programmer
775,Neville Scrowston,Male,Budget/Accounting Analyst III
776,Elisabetta Wyd,Female,Account Representative IV
777,Charles Von Brook,Male,Software Consultant
778,Freddy Milsted,Male,Editor
779,Tobie Kopp,Male,Executive Secretary
780,Leon Oseman,Male,Mechanical Systems Engineer
781,Wallache Limbrick,Male,Teacher
782,Janey Lyddiatt,Female,Internal Auditor
783,Melania Butt Gow,Female,Desktop Support Technician
784,Mireille Hegley,Female,Sales Representative
785,Clary Doidge,Female,Cost Accountant
786,Giusto Trout,Male,Senior Sales Associate
787,Rog Acum,Male,Operator
788,Ethelyn Edds,Female,Office Assistant II
789,Hadleigh Dineges,Male,Staff Scientist
790,Fidel Dymick,Male,Chemical Engineer
791,Ronna Vaudre,Female,Programmer III
792,Iain Drewet,Male,Community Outreach Specialist
793,Vince Cranmere,Male,Engineer III
794,Earle Elkins,Agender,Programmer I
795,Montgomery Allibone,Male,Nuclear Power Engineer
796,Kynthia Rickets,Female,Senior Financial Analyst
797,Peggie Hirsthouse,Female,Nurse Practicioner
798,Lina Riddoch,Female,Paralegal
799,Olive Pareman,Female,Account Representative I
800,Cherye Hosten,Female,Physical Therapy Assistant
801,Morrie Whitrod,Male,VP Accounting
802,Derward McGrudder,Male,Computer Systems Analyst III
803,Misha Matchett,Female,Programmer II
804,Whit Mattersey,Male,Payment Adjustment Coordinator
805,Andreas Benson,Male,Engineer IV
806,Aksel Treversh,Male,Paralegal
807,Craig Whitmarsh,Male,GIS Technical Architect
808,Tine Carbine,Female,Desktop Support Technician
809,Nicola Calderwood,Agender,Junior Executive
810,Reena Borlease,Female,Electrical Engineer
811,Marjie Epine,Female,Programmer Analyst III
812,Skip Drake,Male,Pharmacist
813,Almire Easlea,Bigender,Financial Advisor
814,Janeva Downey,Female,Clinical Specialist
815,Hymie Janicijevic,Male,Information Systems Manager
816,Irita Downe,Genderfluid,Biostatistician IV
817,Audrie Vickars,Female,Mechanical Systems Engineer
818,Pattie Clougher,Male,Human Resources Manager
819,Gauthier Barham,Male,Senior Quality Engineer
820,Andra Leaney,Female,Mechanical Systems Engineer
821,Alastair Boutell,Genderfluid,Structural Engineer
822,Brander Adanez,Male,Environmental Tech
823,Elvira Hundell,Female,Health Coach IV
824,Vevay Garford,Female,Graphic Designer
825,Godart Doeg,Male,Budget/Accounting Analyst IV
826,Selene Blaydes,Female,Engineer I
827,Mace Faulconbridge,Male,Chemical Engineer
828,Chalmers Berthouloume,Male,Technical Writer
829,Timoteo Drezzer,Male,Administrative Officer
830,Dorie Banthorpe,Male,Software Engineer II
831,Nataniel Lintin,Male,Project Manager
832,Myra Cottom,Female,Account Executive
833,Moll Roj,Female,Computer Systems Analyst III
834,Barbabas Goulbourne,Male,Design Engineer
835,Melania Mogie,Female,Analyst Programmer
836,Sandra Spoerl,Female,Media Manager I
837,Donni Lomasny,Female,Mechanical Systems Engineer
838,Mycah Livsey,Male,Chemical Engineer
839,Liza Suche,Female,Compensation Analyst
840,Berny Cafferky,Female,GIS Technical Architect
841,Thomasa Simeons,Female,VP Sales
842,Cristi Herries,Female,Design Engineer
843,Stafani Khomich,Female,VP Accounting
844,Tricia Kops,Female,Safety Technician II
845,Cyndia Cowing,Genderqueer,Office Assistant IV
846,Elsie Trahair,Female,Associate Professor
847,Alexi Merryfield,Female,VP Accounting
848,Cull Osgordby,Male,Web Developer II
849,Alessandra De Hooch,Polygender,VP Sales
850,Kaitlynn Kubacek,Female,Accountant III
851,Nichol Durbyn,Female,Web Developer I
852,Ralph Aumerle,Male,Social Worker
853,Karoly Franckton,Male,Registered Nurse
854,Brittani Ciccerale,Female,Technical Writer
855,Inge Wyleman,Female,Web Developer I
856,Mendie Wealleans,Male,Structural Engineer
857,Lizbeth Hatley,Female,Accountant IV
858,Christye Kilmary,Female,VP Product Management
859,Herbert Caris,Male,Senior Editor
860,Electra Lammerding,Female,Programmer Analyst III
861,Jayme Laffling,Female,Environmental Specialist
862,Virgina Paddy,Female,Environmental Specialist
863,Anatola Chesshire,Female,Junior Executive
864,Shanna Rosenwald,Female,Developer I
865,Ethel Jolliss,Female,Administrative Assistant II
866,Ozzy Lawday,Male,Statistician I
867,Wyndham Venditti,Male,Nuclear Power Engineer
868,Mervin Prior,Male,Marketing Assistant
869,Dillon Headech,Male,Research Associate
870,Carl Boyton,Male,Social Worker
871,Avigdor Leeves,Male,Business Systems Development Analyst
872,Dimitri Wilcher,Male,Environmental Specialist
873,Gustave Unitt,Male,Nuclear Power Engineer
874,Berky Boichat,Male,Media Manager I
875,Giacinta Sibthorp,Female,Chemical Engineer
876,Melinda Burns,Female,Developer II
877,Alaster Burney,Male,Human Resources Assistant IV
878,Kurtis Kilkenny,Male,Business Systems Development Analyst
879,Ralina McAuley,Female,Design Engineer
880,Merv Jessope,Male,Associate Professor
881,Gregorius Pickburn,Male,GIS Technical Architect
882,Dewie Kettley,Male,Research Nurse
883,Ky Turle,Male,Account Representative I
884,Parke Feaster,Male,Design Engineer
885,Brinna Slessar,Female,Recruiting Manager
886,Shae Schubuser,Male,Senior Financial Analyst
887,Deva Vouls,Female,Pharmacist
888,Isadore Betchley,Male,Research Assistant III
889,Ingelbert Gumme,Male,Computer Systems Analyst II
890,Gillian Cobb,Female,Data Coordinator
891,Felizio Meacher,Male,Community Outreach Specialist
892,Shoshanna Picot,Female,Accountant III
893,Danika Mill,Female,Executive Secretary
894,Cheryl Wittering,Female,Quality Engineer
895,Erasmus Lipgens,Male,Senior Sales Associate
896,Sena Swansbury,Female,Nurse Practicioner
897,Irena Cleeve,Female,Sales Associate
898,Car Polo,Male,Staff Scientist
899,Edwin Giacopetti,Male,Recruiting Manager
900,Bondon Eakeley,Male,Software Consultant
901,Kirstyn Gogerty,Female,Senior Editor
902,Josephina Vella,Polygender,Geological Engineer
903,Shem Kilmary,Male,Information Systems Manager
904,Cody Surman-Wells,Female,Account Executive
905,Nichol Hammell,Female,Information Systems Manager
906,Dar Robet,Male,Help Desk Operator
907,Blayne Fitzsymonds,Male,VP Product Management
908,Quinn Nadin,Male,Sales Representative
909,Geoffry Hackney,Male,Financial Advisor
910,Dian Northway,Female,Account Executive
911,Jeannette Catonne,Female,Tax Accountant
912,Maggie Gabe,Female,Computer Systems Analyst I
913,Norah Siggs,Female,Community Outreach Specialist
914,Marielle Splevin,Female,Dental Hygienist
915,Heda Najara,Female,Assistant Manager
916,Ashien Hairsine,Female,Senior Developer
917,Codi Spratt,Female,Help Desk Technician
918,Sheffie Saintsbury,Male,Research Associate
919,Leonidas Teggart,Male,Director of Sales
920,Wynnie Kench,Female,Social Worker
921,Julietta Yankeev,Polygender,Software Test Engineer III
922,Reta De Meyer,Female,Social Worker
923,Tann Gilderoy,Male,Marketing Assistant
924,Latrina Fiennes,Female,Computer Systems Analyst II
925,Felic Lewisham,Male,Database Administrator IV
926,Cammy Jaynes,Male,Accounting Assistant III
927,Celinka McKleod,Female,Associate Professor
928,Georgeanne Soltan,Female,Junior Executive
929,Cora Arkcoll,Female,Administrative Assistant II
930,Lorettalorna Jarritt,Female,Chief Design Engineer
931,Baudoin Damrel,Male,Cost Accountant
932,Armando Ivanusyev,Male,VP Product Management
933,Currie Cristofari,Male,Physical Therapy Assistant
934,Fairleigh Hazleton,Male,Analyst Programmer
935,Wilfred Cannell,Male,Data Coordinator
936,Maurie Hamlington,Male,Associate Professor
937,Georgeta Bigg,Female,Account Representative IV
938,Kristopher Andryunin,Male,Safety Technician I
939,Lazarus Parlott,Male,Accounting Assistant III
940,Rea Saw,Female,Geologist I
941,Pia Buckel,Genderfluid,Physical Therapy Assistant
942,Zane Yegorchenkov,Male,Community Outreach Specialist
943,Giles Lathleiff,Male,Dental Hygienist
944,Phaedra Willatts,Female,Tax Accountant
945,Phyllida Brilon,Female,Web Designer III
946,Anastasie Siemandl,Female,Actuary
947,Gustavo Jandourek,Male,Paralegal
948,Bertram McIlory,Male,Mechanical Systems Engineer
949,Kerry Skivington,Female,Senior Quality Engineer
950,Catha Faye,Female,Professor
951,Puff Eilhermann,Male,Tax Accountant
952,Barbara-anne Cotgrove,Female,Staff Scientist
953,Leonhard Tudball,Bigender,Computer Systems Analyst III
954,Wallas Swinburne,Male,Pharmacist
955,Creigh Costigan,Male,Human Resources Manager
956,Montague McCandie,Male,Budget/Accounting Analyst I
957,Templeton Shuttle,Male,VP Marketing
958,Lisa Mairs,Female,Teacher
959,Rene Giblett,Non-binary,Dental Hygienist
960,Deb Allsopp,Non-binary,Structural Analysis Engineer
961,Keely Butchers,Polygender,Senior Financial Analyst
962,Skyler Darlow,Male,Senior Cost Accountant
963,Shelden Tegler,Male,VP Quality Control
964,Lorrie Heigl,Male,Budget/Accounting Analyst IV
965,Devin Godard,Male,Librarian
966,Cody Leggs,Female,Paralegal
967,Arlette Mullany,Female,Systems Administrator II
968,Shurlock Abrahm,Male,Business Systems Development Analyst
969,Annnora Nevins,Female,Engineer III
970,Kirby Carles,Non-binary,Geologist I
971,April Lovering,Female,Nurse
972,Harrie Treadaway,Female,Assistant Professor
973,Vanda Brumen,Female,Design Engineer
974,Gustaf Branney,Male,Sales Representative
975,Lindsay Swapp,Female,Marketing Assistant
976,Noellyn Belcham,Female,Professor
977,Terrijo Alps,Female,Senior Editor
978,Ruy Shillitto,Male,Senior Quality Engineer
979,Earl De Nisco,Male,Software Test Engineer I
980,Lisette Moutray Read,Female,Senior Developer
981,Jere Folliott,Male,Staff Accountant II
982,Andres Pauluzzi,Male,Account Executive
983,Leigha Piddlesden,Female,Research Nurse
984,Gabie Sibthorp,Non-binary,Office Assistant I
985,Cary Alberts,Male,Marketing Manager
986,Ranna Falcus,Female,Staff Accountant IV
987,Asher Traves,Non-binary,Quality Control Specialist
988,Judith Water,Female,Software Engineer I
989,Janos D'Alesco,Male,Environmental Specialist
990,Gaylene Doody,Female,Staff Accountant I
991,Ariadne Ebbett,Female,Safety Technician I
992,Rudiger Gypson,Male,General Manager
993,Kessia Folca,Female,Desktop Support Technician
994,Rozalin Mountlow,Female,Senior Quality Engineer
995,Elliot Penchen,Genderqueer,Media Manager I
996,Leesa Chretien,Female,Help Desk Technician
997,Shalom Lusty,Male,Payment Adjustment Coordinator
998,Barnie Laidlaw,Agender,Desktop Support Technician
999,Roanna Tutchings,Female,Executive Secretary
1000,Anthony Synke,Male,Community Outreach Specialist
